index,module,topic,color,feed,term,created,country,ratio,counter,pages,language,ipcc,continent
'643f9779e7',extremes,Snow&Ice,#d60d2b,wmo,fagy Magyarország,2026-02-10T04:43:00+00:00,Hungary,0.5695837109411905,2,1,hu,WCE,Europe
'93312f4a33',extremes,Storm,#b3b2b1,wmo,viharhullám magyarország,2026-02-15T04:35:00+00:00,Hungary,0.5104231830542585,2,1,hu,WCE,Europe
'0a2e0dc05c',extremes,Storm,#b3b2b1,wmo,vihar magyarország,2026-02-14T04:21:00+00:00,Hungary,0.5014184600170761,3,2,hu,WCE,Europe
'56d1db7f88',extremes,Snow&Ice,#d60d2b,wmo,fagyos Ausztria,2026-02-15T04:35:00+00:00,Austria,0.4972232612158652,2,1,hu,WCE,Europe
'24c4d6eb77',extremes,Snow&Ice,#d60d2b,wmo,fagyos észak-magyarország,2026-01-20T03:56:00+00:00,Hungary,0.4822518417042531,3,1,hu,WCE,Europe
'adc50a5751',extremes,Snow&Ice,#d60d2b,wmo,fagyos románia,2026-01-27T03:58:00+00:00,Romania,0.4804052794014531,2,1,hu,WCE,Europe
'b2d779acfd',extremes,Snow&Ice,#d60d2b,wmo,jég románia,2026-02-02T04:36:00+00:00,Romania,0.4796218428134178,2,1,hu,WCE,Europe
'806dfd8a99',extremes,Fog,#d60d2b,wmo,köd rossz,2026-01-25T04:06:00+00:00,Slovakia,0.4782187860098101,2,1,hu,WCE,Europe
'44910b10eb',extremes,Snow&Ice,#d60d2b,wmo,fagyos rosszullét,2026-01-23T04:03:00+00:00,Slovakia,0.4775119827133456,3,2,hu,WCE,Europe
'1f711d69f1',extremes,Flood,#030ba1,wmo,árvíz zvolen,2026-01-26T04:09:00+00:00,Slovakia,0.4764555539780939,2,1,hu,WCE,Europe
'de61c47859',extremes,Snow&Ice,#d60d2b,wmo,jéghideg,2026-01-22T03:59:00+00:00,Slovakia,0.4760641712645872,2,1,hu,WCE,Europe
'7247b0e2eb',extremes,Flood,#030ba1,wmo,flashflood brezno,2026-01-27T03:58:00+00:00,Slovakia,0.4749004200348269,2,1,hu,WCE,Europe
'bc5e0a1020',extremes,Snow&Ice,#d60d2b,wmo,hó Közép-Magyarország,2026-02-11T04:41:00+00:00,Hungary,0.4734443766723904,2,1,hu,WCE,Europe
'727243b7da',extremes,Fog,#d60d2b,wmo,köd nyugat-szerbia,2026-02-07T04:19:00+00:00,Serbia,0.4734175866348899,2,1,hu,MED,Europe
'ec3c31cd7f',extremes,Flood,#030ba1,wmo,flashflood lučenec,2026-01-26T04:09:00+00:00,Slovakia,0.4733007412642578,2,1,hu,WCE,Europe
'6ce0b2bf8f',extremes,Flood,#030ba1,wmo,árvíz levice východ,2026-01-26T04:09:00+00:00,Slovakia,0.4714728242320301,2,1,hu,WCE,Europe
'77b04f623a',extremes,Flood,#030ba1,wmo,flashflood veľký krtíš,2026-01-26T04:09:00+00:00,Slovakia,0.4689607111184202,2,1,hu,WCE,Europe
'4d0cdb2f6c',extremes,Flood,#030ba1,wmo,árvíz Banská štiavnica,2026-01-27T03:58:00+00:00,Slovakia,0.4677617923901152,2,1,hu,WCE,Europe
'ebf6e37321',extremes,Flood,#030ba1,wmo,árvíz banská bystrica,2026-01-26T04:09:00+00:00,Slovakia,0.4670963122562618,2,1,hu,WCE,Europe
'197e004ede',extremes,Storm,#b3b2b1,wmo,viharhullám montenegró,2026-01-20T03:56:00+00:00,Montenegro,0.4650486330380814,2,1,hu,MED,Europe
'192ce9bcc4',extremes,Flood,#030ba1,wmo,árvíz detva,2026-01-27T03:58:00+00:00,Slovakia,0.4649068110972384,2,1,hu,WCE,Europe
'f6111772be',extremes,Snow&Ice,#d60d2b,wmo,ice hungary,2026-01-17T03:44:00+00:00,Hungary,0.4646849769233979,2,1,hu,WCE,Europe
'9216de0108',extremes,Flood,#030ba1,wmo,áradás žarnovica,2026-01-27T03:58:00+00:00,Slovakia,0.4640609222321112,2,1,hu,WCE,Europe
'1a25356eb6',extremes,Storm,#b3b2b1,wmo,vihar montenegró,2026-02-04T04:21:00+00:00,Montenegro,0.4633409962062826,2,1,hu,MED,Europe
'64058b2dc1',extremes,Drought,#edc291,edo,szárazság Magyarország,2026-02-06T04:28:00+00:00,Hungary,0.4625958695950319,2,1,hu,WCE,Europe
'8858b1a8c7',extremes,Snow&Ice,#d60d2b,wmo,hó Magyarország,2026-01-21T03:56:00+00:00,Hungary,0.461623903625692,4,1,hu,WCE,Europe
'0f50f15ab2',extremes,Storm,#b3b2b1,wmo,viharhullám szerbia,2026-01-26T04:09:00+00:00,Serbia,0.461391910329124,2,1,hu,MED,Europe
'b5d68fd60c',extremes,Storm,#b3b2b1,wmo,vihar pomoravlje,2026-01-28T03:56:00+00:00,Serbia,0.4612011288971691,2,1,hu,MED,Europe
'8091a140d2',extremes,Fog,#d60d2b,wmo,köd magyarország,2026-01-15T10:56:00+00:00,Hungary,0.4577178928577408,4,2,hu,WCE,Europe
'2a928433f1',extremes,Fog,#d60d2b,wmo,köd srem,2026-02-07T04:19:00+00:00,Serbia,0.4551035445930102,2,1,hu,MED,Europe
'10d184f0d1',extremes,Storm,#b3b2b1,wmo,viharhullám az adriai tengerpart középső,2026-02-15T04:35:00+00:00,Montenegro,0.4503105078212872,1,1,hu,MED,Europe
'c8c3e687e6',extremes,Cold Wave,#a7e9fa,wmo,hideghullám villach land,2026-01-20T03:56:00+00:00,Austria,0.4495058829778404,1,1,hu,WCE,Europe
'2aea6cdbaf',extremes,Snow&Ice,#d60d2b,wmo,hó áztatás,2026-01-20T03:56:00+00:00,Slovakia,0.4490320707476696,1,1,hu,WCE,Europe
'346a50f70f',extremes,Snow&Ice,#d60d2b,wmo,hó stará ľubovňa,2026-01-24T03:48:00+00:00,Slovakia,0.4489639765008506,1,1,hu,WCE,Europe
'097e0f9d63',extremes,Storm,#b3b2b1,wmo,viharhullám dunajská streda,2026-02-15T04:35:00+00:00,Slovakia,0.4481002841609547,1,1,hu,WCE,Europe
'35e056327d',extremes,Snow&Ice,#d60d2b,wmo,hó stropkov,2026-01-23T04:03:00+00:00,Slovakia,0.447935569902644,1,1,hu,WCE,Europe
'47ae4d3e20',extremes,Snow&Ice,#d60d2b,wmo,jég nyugat-szerbia,2026-01-18T03:57:00+00:00,Serbia,0.4475086493022052,2,1,hu,MED,Europe
'12751311fe',extremes,Cold Wave,#a7e9fa,wmo,hideghullám perg,2026-01-20T03:56:00+00:00,Austria,0.4473063927513128,1,1,hu,WCE,Europe
'a72c01a27c',extremes,Storm,#b3b2b1,wmo,vihar északi nagy síkság,2026-02-14T04:21:00+00:00,Hungary,0.4473039104701755,2,1,hu,WCE,Europe
'1d3448305b',extremes,Cold Wave,#a7e9fa,wmo,hideghullám graz stadt,2026-01-21T03:56:00+00:00,Austria,0.4472670256682355,1,1,hu,WCE,Europe
'81949b9671',extremes,Snow&Ice,#d60d2b,wmo,hó šaľa,2026-01-24T03:48:00+00:00,Slovakia,0.4471169728928899,1,1,hu,WCE,Europe
'9dad10300d',extremes,Cold Wave,#a7e9fa,wmo,hideghullám rust stadt,2026-01-20T03:56:00+00:00,Austria,0.4470894899284635,1,1,hu,WCE,Europe
'02477fd64a',extremes,Snow&Ice,#d60d2b,wmo,hó ilava,2026-01-22T03:59:00+00:00,Slovakia,0.4468241187593517,1,1,hu,WCE,Europe
'024a0a5db0',extremes,Snow&Ice,#d60d2b,wmo,ice Bratislava,2026-02-03T04:27:00+00:00,Slovakia,0.446561700278966,1,1,hu,WCE,Europe
'04c02d8dfd',extremes,Cold Wave,#a7e9fa,wmo,hideghullám völkermarkt,2026-01-20T03:56:00+00:00,Austria,0.4465216459960391,1,1,hu,WCE,Europe
'b5072a0a70',extremes,Cold Wave,#a7e9fa,wmo,fagyos linzföld,2026-01-21T03:56:00+00:00,Austria,0.4464820194697044,1,1,hu,WCE,Europe
'8bd5172e4a',extremes,Fog,#d60d2b,wmo,köd čadca,2026-02-10T04:43:00+00:00,Slovakia,0.446374441283114,1,1,hu,WCE,Europe
'01658edc52',extremes,Snow&Ice,#d60d2b,wmo,fagyos Magyarország,2026-01-15T10:56:00+00:00,Hungary,0.4460076945553733,3,1,hu,WCE,Europe
'5ac4c35dae',extremes,Cold Wave,#a7e9fa,wmo,hideghullám krems an der donau stadt,2026-01-22T03:59:00+00:00,Austria,0.4459672224677081,1,1,hu,WCE,Europe
'8da7fda99b',extremes,Cold Wave,#a7e9fa,wmo,hideghullám wien mariahilf,2026-01-21T03:56:00+00:00,Austria,0.4458984929151391,1,1,hu,WCE,Europe
'c0f6c37103',extremes,Snow&Ice,#d60d2b,wmo,hó medzilaborce,2026-01-24T03:48:00+00:00,Slovakia,0.4458574761760593,1,1,hu,WCE,Europe
'c922e9f553',extremes,Snow&Ice,#d60d2b,wmo,hó nyugat-szerbia,2026-01-15T10:56:00+00:00,Serbia,0.4457514800829465,2,1,hu,MED,Europe
'a2c13d57b3',extremes,Cold Wave,#a7e9fa,wmo,hideghullám schärding,2026-01-21T03:56:00+00:00,Austria,0.4456476596108989,1,1,hu,WCE,Europe
'c7f67bf7af',extremes,Snow&Ice,#d60d2b,wmo,frost košice okolie,2026-01-29T04:19:00+00:00,Slovakia,0.4455455284454411,1,1,hu,WCE,Europe
'0308bedb90',extremes,Fog,#d60d2b,wmo,köd montenegró,2026-01-17T03:44:00+00:00,Montenegro,0.4452170611731467,2,1,hu,MED,Europe
'b7b1c71401',extremes,Storm,#b3b2b1,wmo,vihar topoľčany,2026-01-25T04:06:00+00:00,Slovakia,0.4450788386350288,1,1,hu,WCE,Europe
'87ffd15610',extremes,Snow&Ice,#d60d2b,wmo,fagy rimavská sobota,2026-01-21T03:56:00+00:00,Slovakia,0.4449927077093969,1,1,hu,WCE,Europe
'cd96863b3a',extremes,Fog,#d60d2b,wmo,köd északi nagy síkság,2026-01-18T03:57:00+00:00,Hungary,0.4449003092923221,2,1,hu,WCE,Europe
'51d18394a5',extremes,Snow&Ice,#d60d2b,wmo,hó ružomberok,2026-01-24T03:48:00+00:00,Slovakia,0.444633532436554,1,1,hu,WCE,Europe
'f2e8628f63',extremes,Snow&Ice,#d60d2b,wmo,fagy michalovce,2026-01-23T04:03:00+00:00,Slovakia,0.4439645085756963,1,1,hu,WCE,Europe
'3c0803f281',extremes,Storm,#b3b2b1,wmo,viharhullám galanta,2026-01-25T04:06:00+00:00,Slovakia,0.4439580361106705,1,1,hu,WCE,Europe
'23a49f9f3d',extremes,Snow&Ice,#d60d2b,wmo,fagy zvolen,2026-01-25T04:06:00+00:00,Slovakia,0.4438460550486257,1,1,hu,WCE,Europe
'd487f92f1b',extremes,Storm,#b3b2b1,wmo,vihar piešťany,2026-01-25T04:06:00+00:00,Slovakia,0.4435764829788648,1,1,hu,WCE,Europe
'1a95704f7b',extremes,Snow&Ice,#d60d2b,wmo,frost stropkov,2026-01-25T04:06:00+00:00,Slovakia,0.4433395212828342,1,1,hu,WCE,Europe
'fc43631598',extremes,Storm,#b3b2b1,wmo,viharhullám martin,2026-02-03T04:27:00+00:00,Slovakia,0.4432902366013265,1,1,hu,WCE,Europe
'e48c4445d2',extremes,Storm,#b3b2b1,wmo,vihar rossz,2026-02-04T04:21:00+00:00,Slovakia,0.4428491575067849,2,1,hu,WCE,Europe
'3fe36693de',extremes,Storm,#b3b2b1,wmo,viharhullám a Dunántúl déli részén,2026-02-15T04:35:00+00:00,Hungary,0.4427274105190478,2,1,hu,WCE,Europe
'e691c8cb61',extremes,Snow&Ice,#d60d2b,wmo,fagyos spišská nová ves,2026-01-23T04:03:00+00:00,Slovakia,0.4426058907093495,1,1,hu,WCE,Europe
'65ce82ec95',extremes,Storm,#b3b2b1,wmo,vihar brezno,2026-02-03T04:27:00+00:00,Slovakia,0.4425382325718916,1,1,hu,WCE,Europe
'0671a16ac0',extremes,Fog,#d60d2b,wmo,köd belgrád,2026-02-08T04:43:00+00:00,Serbia,0.4418062974870132,2,1,hu,MED,Europe
'd9e596d278',extremes,Drought,#edc291,edo,szárazság Ausztria,2026-02-08T04:43:00+00:00,Austria,0.4416934075627386,1,1,hu,WCE,Europe
'57b24ffc9f',extremes,Snow&Ice,#d60d2b,wmo,hó spišská nová ves,2026-01-22T03:59:00+00:00,Slovakia,0.441673814073212,1,1,hu,WCE,Europe
'db06ce5fae',extremes,Snow&Ice,#d60d2b,wmo,fagy déli nagy síkság,2026-01-23T04:03:00+00:00,Hungary,0.4415826530437725,2,1,hu,WCE,Europe
'fc10bedec4',extremes,Snow&Ice,#d60d2b,wmo,fagy liptovský mikuláš,2026-01-30T04:21:00+00:00,Slovakia,0.4406743945793547,1,1,hu,WCE,Europe
'359f2dbb62',extremes,Storm,#b3b2b1,wmo,viharhullám backa,2026-01-25T04:06:00+00:00,Serbia,0.4406027149341898,1,1,hu,MED,Europe
'ac89ca690a',extremes,Precipitation,#d60d2b,wmo,záporeső detva,2026-01-26T04:09:00+00:00,Slovakia,0.4405752971196808,1,1,hu,WCE,Europe
'2f783dae54',extremes,Storm,#b3b2b1,wmo,viharhullám zlaté moravce,2026-02-15T04:35:00+00:00,Slovakia,0.4405582956489716,1,1,hu,WCE,Europe
'e7c8aadb46',extremes,Storm,#b3b2b1,wmo,vihar senica,2026-01-26T04:09:00+00:00,Slovakia,0.4395037716011374,1,1,hu,WCE,Europe
'5089d03739',extremes,Precipitation,#d60d2b,wmo,eső montenegró,2026-01-24T03:48:00+00:00,Montenegro,0.4393777865246234,2,1,hu,MED,Europe
'826baae133',extremes,Snow&Ice,#d60d2b,wmo,ice bánovce nad bebravou,2026-01-24T03:48:00+00:00,Slovakia,0.4390148755347172,1,1,hu,WCE,Europe
'e8c411889a',extremes,Storm,#b3b2b1,wmo,viharhullám žilina,2026-01-25T04:06:00+00:00,Slovakia,0.438998589780726,1,1,hu,WCE,Europe
'cb76411c7e',extremes,Storm,#b3b2b1,wmo,storm surge austria,2026-02-03T04:27:00+00:00,Austria,0.4389270417600149,1,1,hu,WCE,Europe
'9a632626a6',extremes,Snow&Ice,#d60d2b,wmo,hó észak-magyarország,2026-01-19T04:03:00+00:00,Hungary,0.4385622539170791,3,1,hu,WCE,Europe
'6b1b1ff749',extremes,Cold Wave,#a7e9fa,wmo,fagyasztó mattersburg,2026-01-23T04:03:00+00:00,Austria,0.4384247775765128,1,1,hu,WCE,Europe
'8496b3e9c3',extremes,Storm,#b3b2b1,wmo,viharhullám senica,2026-01-25T04:06:00+00:00,Slovakia,0.4384122393898279,1,1,hu,WCE,Europe
'180ea8e23e',extremes,Snow&Ice,#d60d2b,wmo,hó myjava,2026-01-30T04:21:00+00:00,Slovakia,0.4383591388501099,1,1,hu,WCE,Europe
'd4d58f99bd',extremes,Snow&Ice,#d60d2b,wmo,ice zlaté moravce,2026-02-04T04:21:00+00:00,Slovakia,0.4382804773198713,1,1,hu,WCE,Europe
'4a401fa504',extremes,Snow&Ice,#d60d2b,wmo,fagyos Márton,2026-02-05T04:27:00+00:00,Slovakia,0.4380268213650446,2,1,hu,WCE,Europe
'1a889cd349',extremes,Snow&Ice,#d60d2b,wmo,fagyos komárom,2026-01-31T04:16:00+00:00,Slovakia,0.4371815374488133,1,1,hu,WCE,Europe
'b8aaf48e72',extremes,Cold Wave,#a7e9fa,wmo,hideghullám wien meidling,2026-01-23T04:03:00+00:00,Austria,0.4364848459993259,1,1,hu,WCE,Europe
'edfbe0d0d6',extremes,Precipitation,#d60d2b,wmo,csapadék szerbia,2026-01-25T04:06:00+00:00,Serbia,0.4363027229094293,2,1,hu,MED,Europe
'75579b650e',extremes,Drought,#edc291,edo,szárazság románia,2026-01-21T03:56:00+00:00,Romania,0.4362722588887757,2,1,hu,WCE,Europe
'8bbcf20888',extremes,Drought,#edc291,edo,szárazság románia,2026-01-15T10:57:00+00:00,Romania,0.4361391670277944,3,1,hu,WCE,Europe
'87ce5fed51',extremes,Drought,#edc291,edo,szárazság Montenegróban,2026-01-15T10:57:00+00:00,Montenegro,0.4360070924941243,3,1,hu,MED,Europe
'34f91ee9c0',extremes,Cold Wave,#a7e9fa,wmo,fagyasztó wien alsergrund,2026-01-23T04:03:00+00:00,Austria,0.435621162414306,1,1,hu,WCE,Europe
'3476c1df95',extremes,Precipitation,#d60d2b,wmo,szakadó eső rimavská sobota,2026-01-26T04:09:00+00:00,Slovakia,0.4353874947505481,1,1,hu,WCE,Europe
'2fe400f2f3',extremes,Snow&Ice,#d60d2b,wmo,hó skalica,2026-02-03T04:27:00+00:00,Slovakia,0.4352448736623912,1,1,hu,WCE,Europe
'926706e02a',extremes,Storm,#b3b2b1,wmo,vihar komárno,2026-02-15T04:35:00+00:00,Slovakia,0.4348106646119887,1,1,hu,WCE,Europe
'306fcee257',extremes,Cold Wave,#a7e9fa,wmo,fagyasztó wien hazugság,2026-01-23T04:03:00+00:00,Austria,0.4347789831991241,1,1,hu,WCE,Europe
'538367ea96',extremes,Snow&Ice,#d60d2b,wmo,ice trebišov,2026-01-24T03:48:00+00:00,Slovakia,0.4346298289233837,1,1,hu,WCE,Europe
'f216a32ab0',extremes,Snow&Ice,#d60d2b,wmo,hó krupina,2026-01-24T03:48:00+00:00,Slovakia,0.4345964766979169,1,1,hu,WCE,Europe
'8c6f2fb4b2',extremes,Storm,#b3b2b1,wmo,viharhullám nové zámky,2026-01-25T04:06:00+00:00,Slovakia,0.4342362585339485,1,1,hu,WCE,Europe
'2ed5b60e4d',extremes,Cold Wave,#a7e9fa,wmo,dermesztő korneuburg,2026-01-23T04:03:00+00:00,Austria,0.4341886683026307,1,1,hu,WCE,Europe
'12ae466e64',extremes,Precipitation,#d60d2b,wmo,eső szerbia,2026-01-26T04:09:00+00:00,Serbia,0.4336097367338676,2,1,hu,MED,Europe
'da3d66ff0e',extremes,Snow&Ice,#d60d2b,wmo,frost senica,2026-01-29T04:19:00+00:00,Slovakia,0.4332967430070866,1,1,hu,WCE,Europe
'42c51e9af0',extremes,Snow&Ice,#d60d2b,wmo,fagyos žiar nad hronom,2026-01-27T03:58:00+00:00,Slovakia,0.4329294565660833,1,1,hu,WCE,Europe
'a633585cb8',extremes,Snow&Ice,#d60d2b,wmo,fagy északi nagy síkság,2026-01-19T04:03:00+00:00,Hungary,0.4329224490647281,2,1,hu,WCE,Europe
'6f8fbcc702',extremes,Storm,#b3b2b1,wmo,vihar hlohovec,2026-02-03T04:27:00+00:00,Slovakia,0.4321319301756309,1,1,hu,WCE,Europe
'623b57996f',extremes,Storm,#b3b2b1,wmo,vihar tvrdošín,2026-01-26T04:09:00+00:00,Slovakia,0.4318255473193479,1,1,hu,WCE,Europe
'fc3cd1fbc8',extremes,Snow&Ice,#d60d2b,wmo,frozing nové mesto nad váhom,2026-01-29T04:19:00+00:00,Slovakia,0.4317224697715405,1,1,hu,WCE,Europe
'917f1af717',extremes,Fog,#d60d2b,wmo,köd banat,2026-01-20T03:56:00+00:00,Serbia,0.4316429017251523,2,1,hu,MED,Europe
'9891fcebe3',extremes,Drought,#edc291,edo,szárazság Szlovákia,2026-02-11T04:42:00+00:00,Slovakia,0.4314929761021037,1,1,hu,WCE,Europe
'bca3aa10e0',extremes,Snow&Ice,#d60d2b,wmo,ice Martin,2026-01-25T04:06:00+00:00,Slovakia,0.43144914293929,1,1,hu,WCE,Europe
'4626801745',extremes,Drought,#edc291,edo,eső hiánya szerbia,2026-01-24T03:49:00+00:00,Serbia,0.4313524243685174,1,1,hu,MED,Europe
'6cf0d34fac',extremes,Thunderstorm,#53785a,wmo,szélsőséges időjárás Szerbia,2026-01-25T04:06:00+00:00,Serbia,0.4310982363340415,2,1,hu,MED,Europe
'6e12c530af',extremes,Snow&Ice,#d60d2b,wmo,hó Kelet-Szerbia,2026-02-12T04:37:00+00:00,Serbia,0.4310866592793689,1,1,hu,MED,Europe
'5164a4efdc',extremes,Storm,#b3b2b1,wmo,vihar észak-magyarországi,2026-02-15T04:35:00+00:00,Hungary,0.4304683050186655,2,1,hu,WCE,Europe
'2f30862216',extremes,Drought,#edc291,edo,szárazság Ausztria,2026-02-06T04:28:00+00:00,Austria,0.4303992693992486,1,1,hu,WCE,Europe
'618fa4963e',extremes,Storm,#b3b2b1,wmo,vihar austria,2026-02-03T04:27:00+00:00,Austria,0.4300769188853614,1,1,hu,WCE,Europe
'134d5cbc20',extremes,Snow&Ice,#d60d2b,wmo,ice turčianske teplice,2026-01-31T04:16:00+00:00,Slovakia,0.4295109091675402,1,1,hu,WCE,Europe
'4b4f24d2af',extremes,Storm,#b3b2b1,wmo,vihar az adriai tengerparton,2026-01-21T03:56:00+00:00,Montenegro,0.4293735229871092,2,1,hu,MED,Europe
'21ef396979',extremes,Snow&Ice,#d60d2b,wmo,fagy poprad,2026-01-31T04:16:00+00:00,Slovakia,0.4292246385288625,1,1,hu,WCE,Europe
'22f6c8f931',extremes,Storm,#b3b2b1,wmo,viharhullám liptovský mikuláš,2026-02-03T04:27:00+00:00,Slovakia,0.4286848421627844,1,1,hu,WCE,Europe
'9dfa857eb2',extremes,Snow&Ice,#d60d2b,wmo,fagyos nitra,2026-01-30T04:21:00+00:00,Slovakia,0.4285563138183166,1,1,hu,WCE,Europe
'bb9d02ab73',extremes,Snow&Ice,#d60d2b,wmo,ice kežmarok,2026-02-04T04:21:00+00:00,Slovakia,0.4285069360091035,1,1,hu,WCE,Europe
'a0a7c5cb9d',extremes,Snow&Ice,#d60d2b,wmo,fagy Belgrád,2026-02-09T04:39:00+00:00,Serbia,0.4283165053452164,1,1,hu,MED,Europe
'456d5e73ec',extremes,Snow&Ice,#d60d2b,wmo,jég közép-magyarországi,2026-02-03T04:27:00+00:00,Hungary,0.428202302410308,2,1,hu,WCE,Europe
'4d93ba150d',extremes,Snow&Ice,#d60d2b,wmo,fagyos turčianske teplice,2026-02-04T04:21:00+00:00,Slovakia,0.4281910843910172,1,1,hu,WCE,Europe
'f63c822d5c',extremes,Fog,#d60d2b,wmo,köd skalica,2026-01-17T03:44:00+00:00,Slovakia,0.4281692865580527,2,1,hu,WCE,Europe
'6fd7af5b15',extremes,Storm,#b3b2b1,wmo,vihar Nyugat-Dunántúl,2026-02-14T04:21:00+00:00,Hungary,0.4280578628213813,2,1,hu,WCE,Europe
'0c737eb2fe',extremes,Storm,#b3b2b1,wmo,vihar belgrád,2026-01-24T03:48:00+00:00,Serbia,0.4280131299696798,2,1,hu,MED,Europe
'0bacbf68bf',extremes,Snow&Ice,#d60d2b,wmo,fagy waidhofen an der ybbs stadt,2026-01-24T03:48:00+00:00,Austria,0.4278983025159799,1,1,hu,WCE,Europe
'f8feeed884',extremes,Snow&Ice,#d60d2b,wmo,hó pozsony,2026-01-28T03:56:00+00:00,Slovakia,0.427489178968562,1,1,hu,WCE,Europe
'0b7ed9b546',extremes,Snow&Ice,#d60d2b,wmo,ice belgrád,2026-02-10T04:43:00+00:00,Serbia,0.4273052289960725,1,1,hu,MED,Europe
'cb05422dad',extremes,Snow&Ice,#d60d2b,wmo,fagy komárno,2026-01-24T03:48:00+00:00,Slovakia,0.4271653277860618,1,1,hu,WCE,Europe
'2de58b71f0',extremes,Storm,#b3b2b1,wmo,viharhullám központi,2026-02-05T04:27:00+00:00,Montenegro,0.4271199735303841,2,1,hu,MED,Europe
'269ba1e3eb',extremes,Snow&Ice,#d60d2b,wmo,fagyos poltár,2026-02-03T04:27:00+00:00,Slovakia,0.4269746671941034,1,1,hu,WCE,Europe
'05aebbfe62',extremes,Snow&Ice,#d60d2b,wmo,frost Bratislava,2026-01-31T04:16:00+00:00,Slovakia,0.4268203298041497,1,1,hu,WCE,Europe
'2eda64a4ce',extremes,Snow&Ice,#d60d2b,wmo,jég krupina,2026-01-15T10:56:00+00:00,Slovakia,0.42679591361663,3,1,hu,WCE,Europe
'bbfe3bda09',extremes,Snow&Ice,#d60d2b,wmo,fagyos Szlovákia,2026-01-15T10:56:00+00:00,Slovakia,0.4267957880038177,3,1,hu,WCE,Europe
'cf2bc28245',extremes,Snow&Ice,#d60d2b,wmo,jég-nitra,2026-01-15T10:56:00+00:00,Slovakia,0.4267949920344354,3,1,hu,WCE,Europe
'76fbe8d4b1',extremes,Snow&Ice,#d60d2b,wmo,fagy tvrdošín,2026-01-15T10:56:00+00:00,Slovakia,0.4267949406966069,3,1,hu,WCE,Europe
'da4ecf5846',extremes,Snow&Ice,#d60d2b,wmo,hó revúca,2026-01-15T10:56:00+00:00,Slovakia,0.4267923616062827,3,1,hu,WCE,Europe
'd633808697',extremes,Snow&Ice,#d60d2b,wmo,jég szerb,2026-01-15T10:56:00+00:00,Serbia,0.426791537861253,3,1,hu,MED,Europe
'80e2d0ea61',extremes,Snow&Ice,#d60d2b,wmo,jég prešov,2026-01-15T10:56:00+00:00,Slovakia,0.4267914015821186,3,1,hu,WCE,Europe
'3b70e30993',extremes,Snow&Ice,#d60d2b,wmo,hó vranov nad topľou,2026-01-15T10:56:00+00:00,Slovakia,0.4267901905378536,3,1,hu,WCE,Europe
'1ae7593f20',extremes,Snow&Ice,#d60d2b,wmo,fagyos stropkov,2026-01-15T10:56:00+00:00,Slovakia,0.4267890709839648,3,1,hu,WCE,Europe
'0564622724',extremes,Snow&Ice,#d60d2b,wmo,dermesztő humenné,2026-01-15T10:56:00+00:00,Slovakia,0.4267873323774855,3,1,hu,WCE,Europe
'a89b9aef70',extremes,Snow&Ice,#d60d2b,wmo,fagyos stará ľubovňa,2026-01-15T10:56:00+00:00,Slovakia,0.426786234289598,3,1,hu,WCE,Europe
'8bf344229d',extremes,Snow&Ice,#d60d2b,wmo,fagyos lece,2026-01-15T10:56:00+00:00,Slovakia,0.4267862190778249,3,1,hu,WCE,Europe
'0e18e0b65f',extremes,Snow&Ice,#d60d2b,wmo,fagy námestovo,2026-01-15T10:56:00+00:00,Slovakia,0.4267861335401575,3,1,hu,WCE,Europe
'dce5b3c7e0',extremes,Snow&Ice,#d60d2b,wmo,fagyos Szerbia,2026-01-15T10:56:00+00:00,Serbia,0.4267855266340489,3,1,hu,MED,Europe
'9468b1a5a9',extremes,Snow&Ice,#d60d2b,wmo,jég hlohovec,2026-01-15T10:56:00+00:00,Slovakia,0.4267814178453281,3,1,hu,WCE,Europe
'93915f52ea',extremes,Snow&Ice,#d60d2b,wmo,fagy dolný kubín,2026-01-15T10:56:00+00:00,Slovakia,0.4267794575343193,3,1,hu,WCE,Europe
'edc2a5d7ca',extremes,Snow&Ice,#d60d2b,wmo,fagy ružomberok,2026-01-15T10:56:00+00:00,Slovakia,0.4267785482900334,3,1,hu,WCE,Europe
'fe2e88389c',extremes,Snow&Ice,#d60d2b,wmo,frost wien döbling,2026-01-25T04:06:00+00:00,Austria,0.42676447450408,1,1,hu,WCE,Europe
'cdfb2a5158',extremes,Snow&Ice,#d60d2b,wmo,hó dolný kubín,2026-02-04T04:21:00+00:00,Slovakia,0.4266022261517988,1,1,hu,WCE,Europe
'264992dbdd',extremes,Snow&Ice,#d60d2b,wmo,fagy Szerbia,2026-01-15T12:14:00+00:00,Serbia,0.4265785782640159,3,1,hu,MED,Europe
'747143fa4d',extremes,Storm,#b3b2b1,wmo,vihar gorj hunedoara,2026-02-04T04:21:00+00:00,Romania,0.4264772649526545,2,1,hu,WCE,Europe
'132eaf69b4',extremes,Snow&Ice,#d60d2b,wmo,hó koszovó és metohija,2026-01-15T12:14:00+00:00,Serbia,0.4264415599277543,3,1,hu,MED,Europe
'c8c95c0354',extremes,Snow&Ice,#d60d2b,wmo,snow rimavská sobota,2026-01-15T12:14:00+00:00,Slovakia,0.4263293555066675,3,1,hu,WCE,Europe
'505d4de104',extremes,Snow&Ice,#d60d2b,wmo,hó turčianske teplice,2026-01-15T12:14:00+00:00,Slovakia,0.4263224673733046,3,1,hu,WCE,Europe
'272b97b8fe',extremes,Snow&Ice,#d60d2b,wmo,fagyos trebišov,2026-01-15T12:14:00+00:00,Slovakia,0.4263107909059633,3,1,hu,WCE,Europe
'3d7d69f2c9',extremes,Snow&Ice,#d60d2b,wmo,ice svidník,2026-01-15T12:14:00+00:00,Slovakia,0.426304369567163,3,1,hu,WCE,Europe
'3ea0a8da6d',extremes,Snow&Ice,#d60d2b,wmo,hó szabinov,2026-01-15T10:56:00+00:00,Slovakia,0.4262996617179764,3,1,hu,WCE,Europe
'423ce3f647',extremes,Snow&Ice,#d60d2b,wmo,hó brezno,2026-01-15T12:14:00+00:00,Slovakia,0.4262990071325885,3,1,hu,WCE,Europe
'd7684c7bde',extremes,Snow&Ice,#d60d2b,wmo,fagyos bytča,2026-01-15T12:14:00+00:00,Slovakia,0.4262935915045873,3,1,hu,WCE,Europe
'33a220c93f',extremes,Snow&Ice,#d60d2b,wmo,hó prievidza,2026-01-15T12:14:00+00:00,Slovakia,0.4262933722766124,3,1,hu,WCE,Europe
'8a689a7715',extremes,Snow&Ice,#d60d2b,wmo,fagyos trenčín,2026-01-15T12:14:00+00:00,Slovakia,0.4262925229421966,3,1,hu,WCE,Europe
'8bfa9f460e',extremes,Snow&Ice,#d60d2b,wmo,fagyos kežmarok,2026-01-15T12:14:00+00:00,Slovakia,0.4262807859483699,3,1,hu,WCE,Europe
'87c2757fe2',extremes,Snow&Ice,#d60d2b,wmo,ice sobrance,2026-01-15T10:56:00+00:00,Slovakia,0.4262788026078174,3,1,hu,WCE,Europe
'e92c759a4e',extremes,Snow&Ice,#d60d2b,wmo,frost krupina,2026-01-15T12:14:00+00:00,Slovakia,0.4262786785623751,3,1,hu,WCE,Europe
'fc20b9f616',extremes,Snow&Ice,#d60d2b,wmo,fagyos levoča,2026-01-15T12:14:00+00:00,Slovakia,0.4262766173333246,3,1,hu,WCE,Europe
'58c8415d66',extremes,Snow&Ice,#d60d2b,wmo,hó poprád,2026-01-15T12:14:00+00:00,Slovakia,0.4262749175908171,3,1,hu,WCE,Europe
'27613ab6b5',extremes,Snow&Ice,#d60d2b,wmo,snow nové zámky,2026-01-15T12:14:00+00:00,Slovakia,0.4262678274640081,3,1,hu,WCE,Europe
'c8a1cc04ce',extremes,Snow&Ice,#d60d2b,wmo,frost skalica,2026-01-15T12:14:00+00:00,Slovakia,0.4262651404929839,3,1,hu,WCE,Europe
'1ccee51259',extremes,Snow&Ice,#d60d2b,wmo,fagyos čadca,2026-01-15T12:14:00+00:00,Slovakia,0.4262557481921195,3,1,hu,WCE,Europe
'9d566298b6',extremes,Snow&Ice,#d60d2b,wmo,frost wien kedvenc,2026-01-26T04:09:00+00:00,Austria,0.426248519008394,1,1,hu,WCE,Europe
'6feb4172b1',extremes,Snow&Ice,#d60d2b,wmo,fagyos medzilaborce,2026-01-15T12:14:00+00:00,Slovakia,0.4262260510525331,3,1,hu,WCE,Europe
'281986bfbb',extremes,Snow&Ice,#d60d2b,wmo,fagy detva,2026-01-15T10:56:00+00:00,Slovakia,0.426212261702202,3,1,hu,WCE,Europe
'feb186b986',extremes,Snow&Ice,#d60d2b,wmo,hó hlohovec,2026-01-15T12:14:00+00:00,Slovakia,0.4262103089101535,3,1,hu,WCE,Europe
'6262d821f5',extremes,Snow&Ice,#d60d2b,wmo,hó zlaté moravce,2026-01-15T12:14:00+00:00,Slovakia,0.4262067458154131,3,1,hu,WCE,Europe
'ad20f238fb',extremes,Snow&Ice,#d60d2b,wmo,fagy dunajská streda,2026-02-01T04:41:00+00:00,Slovakia,0.4261466252519794,1,1,hu,WCE,Europe
'22ab6f65e3',extremes,Precipitation,#d60d2b,wmo,felhőszakadás Szlovákia,2026-01-25T04:06:00+00:00,Slovakia,0.4260772209525329,2,1,hu,WCE,Europe
'e44c063ebd',extremes,Storm,#b3b2b1,wmo,vihar žilina,2026-02-03T04:27:00+00:00,Slovakia,0.4260115115458761,1,1,hu,WCE,Europe
'6ca3443501',extremes,Snow&Ice,#d60d2b,wmo,fagy kosovo és metohija,2026-01-31T04:16:00+00:00,Serbia,0.4259976748536181,1,1,hu,MED,Europe
'8fba0540bb',extremes,Snow&Ice,#d60d2b,wmo,frost košice,2026-01-25T04:06:00+00:00,Slovakia,0.4258448511827113,1,1,hu,WCE,Europe
'fa65a04c60',extremes,Snow&Ice,#d60d2b,wmo,hó veľký krtíš,2026-02-02T04:36:00+00:00,Slovakia,0.4256723115786637,1,1,hu,WCE,Europe
'9597cb5caa',extremes,Cold Wave,#a7e9fa,wmo,fagyos Ausztria,2026-01-18T03:57:00+00:00,Austria,0.4256414867051605,2,1,hu,WCE,Europe
'debc1fc301',extremes,Snow&Ice,#d60d2b,wmo,fagy Észak-Magyarország,2026-01-18T03:57:00+00:00,Hungary,0.425581149743127,2,1,hu,WCE,Europe
'c17c84dc34',extremes,Storm,#b3b2b1,wmo,viharhullám srem,2026-01-25T04:06:00+00:00,Serbia,0.4253373588922312,1,1,hu,MED,Europe
'ce1a1534bd',extremes,Fog,#d60d2b,wmo,köd rožňava,2026-01-25T04:06:00+00:00,Slovakia,0.4250805601217459,2,1,hu,WCE,Europe
'7ef23d7ccc',extremes,Snow&Ice,#d60d2b,wmo,jég klagenfurti föld,2026-01-26T04:09:00+00:00,Austria,0.424880304026657,1,1,hu,WCE,Europe
'7aae4ff876',extremes,Fog,#d60d2b,wmo,köd prešov,2026-01-17T03:44:00+00:00,Slovakia,0.4246013610205996,2,1,hu,WCE,Europe
'9d4b386fea',extremes,Snow&Ice,#d60d2b,wmo,fagyos korneuburg,2026-01-26T04:09:00+00:00,Austria,0.4244560170444918,1,1,hu,WCE,Europe
'b902f85154',extremes,Snow&Ice,#d60d2b,wmo,ice pezinok,2026-01-28T03:56:00+00:00,Slovakia,0.4241529795247321,1,1,hu,WCE,Europe
'd0e5abbf09',extremes,Fog,#d60d2b,wmo,köd snina,2026-01-17T03:44:00+00:00,Slovakia,0.4240682567877202,2,1,hu,WCE,Europe
'e348639dfc',extremes,Precipitation,#d60d2b,wmo,szakadó eső kosovo i metohija,2026-01-25T04:06:00+00:00,Serbia,0.4238641930946226,1,1,hu,MED,Europe
'ad2b80d7aa',extremes,Fog,#d60d2b,wmo,köd revúca,2026-01-25T04:06:00+00:00,Slovakia,0.4235725221512796,2,1,hu,WCE,Europe
'c1b1450575',extremes,Drought,#edc291,edo,szárazság Magyarország,2026-01-19T04:03:00+00:00,Hungary,0.4234969154609321,2,1,hu,WCE,Europe
'479259504e',extremes,Snow&Ice,#d60d2b,wmo,fagy Bardejov,2026-01-28T03:56:00+00:00,Slovakia,0.4232909965651724,1,1,hu,WCE,Europe
'8a931531d9',extremes,Storm,#b3b2b1,wmo,vihar ružomberok,2026-01-26T04:09:00+00:00,Slovakia,0.4231964084059235,1,1,hu,WCE,Europe
'd8f7d51944',extremes,Storm,#b3b2b1,wmo,viharhullám banská bystrica,2026-01-25T04:06:00+00:00,Slovakia,0.4228360565331425,1,1,hu,WCE,Europe
'dad3d0d92b',extremes,Fog,#d60d2b,wmo,köd košice okolie,2026-01-28T03:56:00+00:00,Slovakia,0.4228046143728896,2,1,hu,WCE,Europe
'80d727e09b',extremes,Fog,#d60d2b,wmo,köd považská bystrica,2026-01-18T03:57:00+00:00,Slovakia,0.4226566165885231,2,1,hu,WCE,Europe
'c674824465',extremes,Snow&Ice,#d60d2b,wmo,jégmödling,2026-01-25T04:06:00+00:00,Austria,0.4224233652869585,1,1,hu,WCE,Europe
'e277077abd',extremes,Snow&Ice,#d60d2b,wmo,hó tvrdošín,2026-01-30T04:21:00+00:00,Slovakia,0.4219993959314558,1,1,hu,WCE,Europe
'a9ae7789bc',extremes,Snow&Ice,#d60d2b,wmo,ice oberpullendorf,2026-01-26T04:09:00+00:00,Austria,0.4219680735444398,1,1,hu,WCE,Europe
'aa20fa39e0',extremes,Fog,#d60d2b,wmo,köd humenné,2026-01-26T04:09:00+00:00,Slovakia,0.4219213635859005,2,1,hu,WCE,Europe
'e3e0d6d9f2',extremes,Snow&Ice,#d60d2b,wmo,ice trnava,2026-01-23T04:03:00+00:00,Slovakia,0.4219185098942842,2,1,hu,WCE,Europe
'0fe2a78a5d',extremes,Storm,#b3b2b1,wmo,vihar szlovákia,2026-01-25T04:06:00+00:00,Slovakia,0.4219006726818678,2,1,hu,WCE,Europe
'0abb072330',extremes,Fog,#d60d2b,wmo,köd liptovský mikuláš,2026-01-17T03:44:00+00:00,Slovakia,0.421561432271934,2,1,hu,WCE,Europe
'08f5d8786d',extremes,Storm,#b3b2b1,wmo,vihar gelnica,2026-02-14T04:21:00+00:00,Slovakia,0.4215527140171487,1,1,hu,WCE,Europe
'f50b8daaef',extremes,Snow&Ice,#d60d2b,wmo,hó délnyugat-szerbia,2026-02-09T04:39:00+00:00,Serbia,0.4215333231153944,1,1,hu,MED,Europe
'93bcd8ee56',extremes,Snow&Ice,#d60d2b,wmo,fagyos Pozsony,2026-01-15T10:56:00+00:00,Slovakia,0.4214178785200764,2,1,hu,WCE,Europe
'aa566ddc16',extremes,Fog,#d60d2b,wmo,köd komárno,2026-01-17T03:44:00+00:00,Slovakia,0.4214127997933367,2,1,hu,WCE,Europe
'6c43ea8d05',extremes,Snow&Ice,#d60d2b,wmo,fagyos lučenec,2026-01-27T03:58:00+00:00,Slovakia,0.4211382247783211,1,1,hu,WCE,Europe
'74d40f0f7f',extremes,Fog,#d60d2b,wmo,köd Trnava,2026-01-26T04:09:00+00:00,Slovakia,0.4210885489085101,2,1,hu,WCE,Europe
'62efa07aac',extremes,Storm,#b3b2b1,wmo,vihar banská bystrica,2026-02-04T04:21:00+00:00,Slovakia,0.4208950410598957,1,1,hu,WCE,Europe
'720326cb52',extremes,Snow&Ice,#d60d2b,wmo,frost Brezno,2026-01-27T03:58:00+00:00,Slovakia,0.4208864330812915,1,1,hu,WCE,Europe
'f8145fc2f5',extremes,Cold Wave,#a7e9fa,wmo,hideghullám osztrák,2026-01-18T03:57:00+00:00,Austria,0.4204605170059554,2,1,hu,WCE,Europe
'6e3da61c03',extremes,Snow&Ice,#d60d2b,wmo,jéggalanta,2026-01-28T03:56:00+00:00,Slovakia,0.4203817460830073,1,1,hu,WCE,Europe
'106359507b',extremes,Storm,#b3b2b1,wmo,vihar skalica,2026-01-26T04:09:00+00:00,Slovakia,0.420293909287585,1,1,hu,WCE,Europe
'0cfcdc295e',extremes,Snow&Ice,#d60d2b,wmo,fagy Szlovákia,2026-01-15T10:56:00+00:00,Slovakia,0.4202937186612034,2,1,hu,WCE,Europe
'a2e813d715',extremes,Snow&Ice,#d60d2b,wmo,jég sabinov,2026-01-29T04:19:00+00:00,Slovakia,0.4201178238009082,1,1,hu,WCE,Europe
'6ed1a01c5f',extremes,Storm,#b3b2b1,wmo,vihar az adriai tengerpart középső,2026-02-01T04:41:00+00:00,Montenegro,0.4201164081701963,2,1,hu,MED,Europe
'2c2ccdff35',extremes,Fog,#d60d2b,wmo,fog žiar nad hronom,2026-01-17T03:44:00+00:00,Slovakia,0.4199837457669213,2,1,hu,WCE,Europe
'223ac388e2',extremes,Snow&Ice,#d60d2b,wmo,kontinentális jég és hegyek,2026-01-20T03:56:00+00:00,Montenegro,0.4191475076948336,2,1,hu,MED,Europe
'4a473b0245',extremes,Snow&Ice,#d60d2b,wmo,fagyos košice okolie,2026-01-28T03:56:00+00:00,Slovakia,0.4189112045538667,1,1,hu,WCE,Europe
'f6900a3ffc',extremes,Fog,#d60d2b,wmo,köd gelnica,2026-01-17T03:44:00+00:00,Slovakia,0.4187824371442876,2,1,hu,WCE,Europe
'dcf31b81d8',extremes,Snow&Ice,#d60d2b,wmo,fagynitra,2026-01-28T03:56:00+00:00,Slovakia,0.4187166315875764,1,1,hu,WCE,Europe
'ef928405fb',extremes,Storm,#b3b2b1,wmo,storm surge nové mesto nad váhom,2026-02-11T04:41:00+00:00,Slovakia,0.4187024042652025,1,1,hu,WCE,Europe
'ed86767233',extremes,Fog,#d60d2b,wmo,köd detva,2026-01-25T04:06:00+00:00,Slovakia,0.4184475101404077,2,1,hu,WCE,Europe
'801eaff07c',extremes,Fog,#d60d2b,wmo,köd martin,2026-01-17T03:44:00+00:00,Slovakia,0.4183638007922188,2,1,hu,WCE,Europe
'ab9a58769f',extremes,Storm,#b3b2b1,wmo,viharhullám banat,2026-01-23T04:03:00+00:00,Serbia,0.4183271640106321,2,1,hu,MED,Europe
'5335260ef0',extremes,Fog,#d60d2b,wmo,köd košice,2026-01-25T04:06:00+00:00,Slovakia,0.4181125807524455,2,1,hu,WCE,Europe
'7184133a3f',extremes,Snow&Ice,#d60d2b,wmo,fagyos bánovce nad bebravou,2026-01-18T03:57:00+00:00,Slovakia,0.4181091496291835,2,1,hu,WCE,Europe
'05b846f638',extremes,Fog,#d60d2b,wmo,fog žarnovica,2026-01-30T04:21:00+00:00,Slovakia,0.417961141646086,2,1,hu,WCE,Europe
'32ace0520c',extremes,Storm,#b3b2b1,wmo,viharhullám michalovce,2026-02-14T04:21:00+00:00,Slovakia,0.4178512802343595,1,1,hu,WCE,Europe
'bd0cb2ff1a',extremes,Snow&Ice,#d60d2b,wmo,fagyos myjava,2026-01-15T10:56:00+00:00,Slovakia,0.4176931859626214,2,1,hu,WCE,Europe
'409ced9a56',extremes,Snow&Ice,#d60d2b,wmo,fagy senec,2026-01-30T04:21:00+00:00,Slovakia,0.4176796982513726,1,1,hu,WCE,Europe
'7e368143e7',extremes,Storm,#b3b2b1,wmo,viharbanát,2026-01-25T04:06:00+00:00,Serbia,0.4175173759756403,2,1,hu,MED,Europe
'f880a2fa58',extremes,Fog,#d60d2b,wmo,köd stropkov,2026-01-17T03:44:00+00:00,Slovakia,0.4173891938994226,2,1,hu,WCE,Europe
'8e8e400e30',extremes,Fog,#d60d2b,wmo,fog spišská nová ves,2026-01-26T04:09:00+00:00,Slovakia,0.4173019375982187,2,1,hu,WCE,Europe
'7380061868',extremes,Fog,#d60d2b,wmo,köd Bratislava,2026-01-25T04:06:00+00:00,Slovakia,0.4170432391403088,2,1,hu,WCE,Europe
'41d219b148',extremes,Fog,#d60d2b,wmo,köd krupina,2026-02-07T04:19:00+00:00,Slovakia,0.4167736196796645,2,1,hu,WCE,Europe
'1eb90c61fb',extremes,Storm,#b3b2b1,wmo,vihar dél-dunántúl,2026-02-14T04:21:00+00:00,Hungary,0.416547612926505,2,1,hu,WCE,Europe
'bae4bee887',extremes,Storm,#b3b2b1,wmo,vihar szerbia,2026-01-18T03:57:00+00:00,Serbia,0.4162797402316077,3,1,hu,MED,Europe
'de0494ae1d',extremes,Snow&Ice,#d60d2b,wmo,hó prešov,2026-01-22T03:59:00+00:00,Slovakia,0.4159399989635488,2,1,hu,WCE,Europe
'68653e9cdf',extremes,Fog,#d60d2b,wmo,fog kysucké nové mesto,2026-01-18T03:57:00+00:00,Slovakia,0.4158729263686527,2,1,hu,WCE,Europe
'92a4b1a334',extremes,Snow&Ice,#d60d2b,wmo,fagyos srem,2026-01-22T03:59:00+00:00,Serbia,0.4156485698113954,2,1,hu,MED,Europe
'b8bbd18a4e',extremes,Fog,#d60d2b,wmo,köd zvolen,2026-01-18T03:57:00+00:00,Slovakia,0.4155487016776037,2,1,hu,WCE,Europe
'249480b7d8',extremes,Storm,#b3b2b1,wmo,vihar Közép-Magyarország,2026-02-14T04:21:00+00:00,Hungary,0.4155144296400813,2,1,hu,WCE,Europe
'3d7cf8dbea',extremes,Fog,#d60d2b,wmo,köd Kelet-Szerbia,2026-01-20T03:56:00+00:00,Serbia,0.4151277166278838,2,1,hu,MED,Europe
'e352207fc8',extremes,Fog,#d60d2b,wmo,köd prievidza,2026-01-18T03:57:00+00:00,Slovakia,0.4149931715044835,2,1,hu,WCE,Europe
'f336193e73',extremes,Snow&Ice,#d60d2b,wmo,snow košice okolie,2026-01-21T03:56:00+00:00,Slovakia,0.4148806805571224,2,1,hu,WCE,Europe
'6ffaa2efc3',extremes,Fog,#d60d2b,wmo,köd banská bystrica,2026-01-18T03:57:00+00:00,Slovakia,0.4146639673806764,2,1,hu,WCE,Europe
'70e63b76ab',extremes,Fog,#d60d2b,wmo,köd háta,2026-01-19T04:03:00+00:00,Serbia,0.4146223790458594,2,1,hu,MED,Europe
'e0bff0948c',extremes,Cold Wave,#a7e9fa,wmo,hideghullám zell am see,2026-01-19T04:03:00+00:00,Austria,0.4141379700098942,2,1,hu,WCE,Europe
'18a679d71f',extremes,Fog,#d60d2b,wmo,köd banská štiavnica,2026-01-25T04:06:00+00:00,Slovakia,0.414063001660082,2,1,hu,WCE,Europe
'df20205cb2',extremes,Fog,#d60d2b,wmo,köd hlohovec,2026-01-25T04:06:00+00:00,Slovakia,0.4140534707059122,2,1,hu,WCE,Europe
'282536d496',extremes,Fog,#d60d2b,wmo,köd senec,2026-01-25T04:06:00+00:00,Slovakia,0.4139328128260857,2,1,hu,WCE,Europe
'f7fad55db6',extremes,Storm,#b3b2b1,wmo,vihar románia,2026-01-26T04:09:00+00:00,Romania,0.4135703159250367,3,1,hu,WCE,Europe
'1d5ae8583a',extremes,Fog,#d60d2b,wmo,köd zlaté moravce,2026-01-25T04:06:00+00:00,Slovakia,0.4133326246941832,2,1,hu,WCE,Europe
'4717bd091f',extremes,Fog,#d60d2b,wmo,köd trenčín,2026-01-17T03:44:00+00:00,Slovakia,0.4132831013755463,2,1,hu,WCE,Europe
'093d470475',extremes,Fog,#d60d2b,wmo,köd ružomberok,2026-01-18T03:57:00+00:00,Slovakia,0.413225245886757,2,1,hu,WCE,Europe
'd536d0407d',extremes,Fog,#d60d2b,wmo,köd Bardejov,2026-01-25T04:06:00+00:00,Slovakia,0.4130496113698162,2,1,hu,WCE,Europe
'b7a2f285fe',extremes,Thunderstorm,#53785a,wmo,zord időjárás montenegró,2026-02-11T04:41:00+00:00,Montenegro,0.412945716006298,2,1,hu,MED,Europe
'235d4ccb4d',extremes,Precipitation,#d60d2b,wmo,eső szlovákia,2026-01-25T04:06:00+00:00,Slovakia,0.4127321001946168,2,1,hu,WCE,Europe
'1a7516b61f',extremes,Fog,#d60d2b,wmo,köd šaľa,2026-01-27T03:58:00+00:00,Slovakia,0.4118461944466212,2,1,hu,WCE,Europe
'd958269d93',extremes,Fog,#d60d2b,wmo,fog dolný kubín,2026-01-18T03:57:00+00:00,Slovakia,0.4117928778713452,2,1,hu,WCE,Europe
'ffd3d8548f',extremes,Precipitation,#d60d2b,wmo,felhőszakadás adriai part középső,2026-02-05T04:27:00+00:00,Montenegro,0.4115581100680089,2,1,hu,MED,Europe
'eb1c33110c',extremes,Snow&Ice,#d60d2b,wmo,jég szlovák,2026-01-15T10:56:00+00:00,Slovakia,0.4115427918058846,2,1,hu,WCE,Europe
'652fdb7552',extremes,Fog,#d60d2b,wmo,köd kežmarok,2026-01-26T04:09:00+00:00,Slovakia,0.4113421246981,2,1,hu,WCE,Europe
'c7f9da56cc',extremes,Fog,#d60d2b,wmo,köd levice,2026-01-17T03:44:00+00:00,Slovakia,0.4112226922093123,2,1,hu,WCE,Europe
'644b9190d6',extremes,Flood,#030ba1,wmo,flashflood szlovákia,2026-01-26T04:09:00+00:00,Slovakia,0.4109530134342805,3,1,hu,WCE,Europe
'812a41cb71',extremes,Fog,#d60d2b,wmo,köd szlovákia,2026-01-17T03:44:00+00:00,Slovakia,0.4109422301748124,2,1,hu,WCE,Europe
'41d656c03b',extremes,Snow&Ice,#d60d2b,wmo,hó belgrád,2026-01-15T12:14:00+00:00,Serbia,0.4109190438062777,2,1,hu,MED,Europe
'd6545ff250',extremes,Fog,#d60d2b,wmo,fog nové zámky,2026-01-17T03:44:00+00:00,Slovakia,0.4108803988498106,2,1,hu,WCE,Europe
'c08db2593e',extremes,Fog,#d60d2b,wmo,köd trebišov,2026-01-21T03:56:00+00:00,Slovakia,0.4107198496204908,2,1,hu,WCE,Europe
'890ab3b6a8',extremes,Fog,#d60d2b,wmo,köd pezinok,2026-01-17T03:44:00+00:00,Slovakia,0.4106229461201579,2,1,hu,WCE,Europe
'20b5273c98',extremes,Snow&Ice,#d60d2b,wmo,hó backa,2026-01-21T03:56:00+00:00,Serbia,0.4105902845491515,2,1,hu,MED,Europe
'1df8e04284',extremes,Flood,#030ba1,wmo,özönvíz Szlovákia,2026-01-26T04:09:00+00:00,Slovakia,0.410418113465145,3,1,hu,WCE,Europe
'ba633db887',extremes,Snow&Ice,#d60d2b,wmo,hólepény,2026-01-23T04:03:00+00:00,Slovakia,0.4103702350509482,2,1,hu,WCE,Europe
'df4df3c972',extremes,Snow&Ice,#d60d2b,wmo,hó románia,2026-01-26T04:09:00+00:00,Romania,0.409946260462015,3,1,hu,WCE,Europe
'2ceb3320f0',extremes,Fog,#d60d2b,wmo,köd piešťany,2026-01-17T03:44:00+00:00,Slovakia,0.4099319421289139,2,1,hu,WCE,Europe
'9ccce95e3d',extremes,Snow&Ice,#d60d2b,wmo,hó komárno,2026-01-22T03:59:00+00:00,Slovakia,0.4096478417962281,2,1,hu,WCE,Europe
'9be5282ea1',extremes,Fog,#d60d2b,wmo,köd michalovce,2026-01-17T03:44:00+00:00,Slovakia,0.4095185701912903,2,1,hu,WCE,Europe
'5bac7fdd16',extremes,Snow&Ice,#d60d2b,wmo,ice čadca,2026-01-15T10:56:00+00:00,Slovakia,0.4093161827320168,2,1,hu,WCE,Europe
'559acde5fe',extremes,Fog,#d60d2b,wmo,köd szerbia,2026-01-17T03:44:00+00:00,Serbia,0.4093148358894113,3,1,hu,MED,Europe
'225d44f00d',extremes,Snow&Ice,#d60d2b,wmo,fagy turčianske teplice,2026-01-23T04:03:00+00:00,Slovakia,0.4092837485496736,2,1,hu,WCE,Europe
'c1d0ec3c83',extremes,Snow&Ice,#d60d2b,wmo,ice dolný kubín,2026-01-17T03:44:00+00:00,Slovakia,0.4092547012281694,2,1,hu,WCE,Europe
'bfe79524b9',extremes,Storm,#b3b2b1,wmo,viharhullám lece,2026-01-25T04:06:00+00:00,Slovakia,0.4091249631274273,2,1,hu,WCE,Europe
'34c58d82cb',extremes,Snow&Ice,#d60d2b,wmo,ice žiar nad hronom,2026-01-19T04:03:00+00:00,Slovakia,0.4091186716560478,2,1,hu,WCE,Europe
'0a4c252aba',extremes,Flood,#030ba1,wmo,elárasztja Szlovákiát,2026-01-26T04:09:00+00:00,Slovakia,0.4090088858091755,3,1,hu,WCE,Europe
'5f6b5a076d',extremes,Snow&Ice,#d60d2b,wmo,fagy pomoravlje,2026-01-17T03:44:00+00:00,Serbia,0.408899505411296,2,1,hu,MED,Europe
'ba2f964607',extremes,Fog,#d60d2b,wmo,köd bytča,2026-01-18T03:57:00+00:00,Slovakia,0.4088064725208996,2,1,hu,WCE,Europe
'4c18cc7020',extremes,Snow&Ice,#d60d2b,wmo,fagyos hlohovec,2026-01-23T04:03:00+00:00,Slovakia,0.4087455004616382,2,1,hu,WCE,Europe
'6eabd0be79',extremes,Storm,#b3b2b1,wmo,viharhullám szlovákia,2026-01-24T03:48:00+00:00,Slovakia,0.408675638431616,2,1,hu,WCE,Europe
'b6b1122ea4',extremes,Fog,#d60d2b,wmo,fog vranov nad topľou,2026-01-17T03:44:00+00:00,Slovakia,0.4077443795737306,2,1,hu,WCE,Europe
'620cbb7a99',extremes,Fog,#d60d2b,wmo,köd poltár,2026-01-25T04:06:00+00:00,Slovakia,0.4075200462203692,2,1,hu,WCE,Europe
'c0f43ee886',extremes,Snow&Ice,#d60d2b,wmo,hó košice,2026-01-21T03:56:00+00:00,Slovakia,0.4073621264840262,2,1,hu,WCE,Europe
'028ba5e9d9',extremes,Fog,#d60d2b,wmo,köd délnyugat-szerbia,2026-01-17T03:44:00+00:00,Serbia,0.4070229667224054,2,1,hu,MED,Europe
'4b094bae1b',extremes,Fog,#d60d2b,wmo,köd stará ľubovňa,2026-01-25T04:06:00+00:00,Slovakia,0.4068035796745256,2,1,hu,WCE,Europe
'7f2f9caad8',extremes,Fog,#d60d2b,wmo,köd žilina,2026-01-18T03:57:00+00:00,Slovakia,0.4063514432298224,2,1,hu,WCE,Europe
'd5cda86414',extremes,Fog,#d60d2b,wmo,köd galanta,2026-01-26T04:09:00+00:00,Slovakia,0.4063215306497486,2,1,hu,WCE,Europe
'528c338ff8',extremes,Snow&Ice,#d60d2b,wmo,jég senec,2026-01-17T03:44:00+00:00,Slovakia,0.4060610793369236,2,1,hu,WCE,Europe
'709a7b769e',extremes,Cold Wave,#a7e9fa,wmo,fagyasztó wien ottakring,2026-01-18T03:57:00+00:00,Austria,0.4060557019905685,2,1,hu,WCE,Europe
'e80d3ce57e',extremes,Snow&Ice,#d60d2b,wmo,hó michalovce,2026-01-17T03:44:00+00:00,Slovakia,0.405913969166586,2,1,hu,WCE,Europe
'2ffdc9dacb',extremes,Fog,#d60d2b,wmo,köd veľký krtíš,2026-01-25T04:06:00+00:00,Slovakia,0.4057570238797923,2,1,hu,WCE,Europe
'76c83398ee',extremes,Fog,#d60d2b,wmo,köd topoľčany,2026-01-17T03:44:00+00:00,Slovakia,0.4056412380104066,2,1,hu,WCE,Europe
'fdfb5d10df',extremes,Snow&Ice,#d60d2b,wmo,fagyos brezno,2026-01-15T10:56:00+00:00,Slovakia,0.4052792740339543,2,1,hu,WCE,Europe
'fe5ac6d3b6',extremes,Drought,#edc291,edo,eső hiánya Szlovákia,2026-01-15T12:14:00+00:00,Slovakia,0.4051685645635747,2,1,hu,WCE,Europe
'd833fdc204',extremes,Fog,#d60d2b,wmo,köd turčianske teplice,2026-01-18T03:57:00+00:00,Slovakia,0.4051296187095251,2,1,hu,WCE,Europe
'673e1deab9',extremes,Snow&Ice,#d60d2b,wmo,ice kysucké nové mesto,2026-01-21T03:56:00+00:00,Slovakia,0.4050940615456144,2,1,hu,WCE,Europe
'f1f521fee3',extremes,Cold Wave,#a7e9fa,wmo,hideghullám spittal an der drau,2026-01-18T03:57:00+00:00,Austria,0.4050783300864125,2,1,hu,WCE,Europe
'e4d5bf1603',extremes,Drought,#edc291,edo,drought hungary,2026-01-27T03:58:00+00:00,Hungary,0.4047693984214668,3,1,hu,WCE,Europe
'c788af0ae3',extremes,Snow&Ice,#d60d2b,wmo,frost srem,2026-01-18T03:57:00+00:00,Serbia,0.4043605669012562,2,1,hu,MED,Europe
'8962eafe50',extremes,Fog,#d60d2b,wmo,köd námestovo,2026-01-27T03:58:00+00:00,Slovakia,0.4039456571203373,2,1,hu,WCE,Europe
'a81eb3718d',extremes,Fog,#d60d2b,wmo,fog nové mesto nad váhom,2026-01-27T03:58:00+00:00,Slovakia,0.4038693766701722,2,1,hu,WCE,Europe
'f438038bbb',extremes,Snow&Ice,#d60d2b,wmo,ice banská štiavnica,2026-01-15T12:14:00+00:00,Slovakia,0.4036261462323467,2,1,hu,WCE,Europe
'ec82f92b24',extremes,Snow&Ice,#d60d2b,wmo,hó trebišov,2026-01-15T10:56:00+00:00,Slovakia,0.4035464888478744,2,1,hu,WCE,Europe
'825f0b206e',extremes,Snow&Ice,#d60d2b,wmo,ice vranov nad topľou,2026-01-21T03:56:00+00:00,Slovakia,0.4035169609885209,2,1,hu,WCE,Europe
'e113e174c5',extremes,Fog,#d60d2b,wmo,köd dunajská streda,2026-01-17T03:44:00+00:00,Slovakia,0.4034972519869114,2,1,hu,WCE,Europe
'181b9e39ce',extremes,Cold Wave,#a7e9fa,wmo,fagyasztó wien rudolfsheim fünfhaus,2026-01-18T03:57:00+00:00,Austria,0.4031396573050588,2,1,hu,WCE,Europe
'85c98951d6',extremes,Drought,#edc291,edo,eső hiánya Montenegró,2026-01-15T12:14:00+00:00,Montenegro,0.4030258320624768,2,1,hu,MED,Europe
'5ab207ffe3',extremes,Fog,#d60d2b,wmo,köd púchov,2026-01-17T03:44:00+00:00,Slovakia,0.4029513048670763,2,1,hu,WCE,Europe
'e009d58ff9',extremes,Snow&Ice,#d60d2b,wmo,fagyos detva,2026-01-23T04:03:00+00:00,Slovakia,0.4024829588458702,2,1,hu,WCE,Europe
'fd0c36b3a2',extremes,Flood,#030ba1,wmo,árvíz levice východ,2026-01-27T03:58:00+00:00,Slovakia,0.4024362722642031,3,1,hu,WCE,Europe
'818293b554',extremes,Fog,#d60d2b,wmo,köd sobrance,2026-01-21T03:56:00+00:00,Slovakia,0.4024058029326301,2,1,hu,WCE,Europe
'0ed0e9d733',extremes,Snow&Ice,#d60d2b,wmo,fagyos považská bystrica,2026-01-20T03:56:00+00:00,Slovakia,0.4024037941383441,2,1,hu,WCE,Europe
'adeb90b57f',extremes,Drought,#edc291,edo,szárazság Szerbia,2026-01-15T12:14:00+00:00,Serbia,0.4021527204573016,2,1,hu,MED,Europe
'e878aac737',extremes,Snow&Ice,#d60d2b,wmo,fagy Délnyugat-Szerbia,2026-01-15T10:56:00+00:00,Serbia,0.4020758592062414,2,1,hu,MED,Europe
'b94b57741a',extremes,Snow&Ice,#d60d2b,wmo,fagyos zvolen,2026-01-21T03:56:00+00:00,Slovakia,0.4018456671665789,2,1,hu,WCE,Europe
'c924dff25e',extremes,Cold Wave,#a7e9fa,wmo,hideghullám süllyedt pölten föld,2026-01-21T03:56:00+00:00,Austria,0.4018433018608799,2,1,hu,WCE,Europe
'ae7b54e7c6',extremes,Storm,#b3b2b1,wmo,vihar délnyugat-szerbia,2026-01-25T04:06:00+00:00,Serbia,0.4017645422932016,2,1,hu,MED,Europe
'00aaa81565',extremes,Snow&Ice,#d60d2b,wmo,fagy Románia,2026-02-02T04:36:00+00:00,Romania,0.4017096569399406,3,1,hu,WCE,Europe
'c2b3b4722a',extremes,Storm,#b3b2b1,wmo,viharhullám románia,2026-01-30T04:21:00+00:00,Romania,0.4015648800788466,3,1,hu,WCE,Europe
'b6a9b351de',extremes,Fog,#d60d2b,wmo,köd medzilaborce,2026-01-17T03:44:00+00:00,Slovakia,0.4014084141020011,2,1,hu,WCE,Europe
'862cad798d',extremes,Fog,#d60d2b,wmo,köd tvrdošín,2026-01-17T03:44:00+00:00,Slovakia,0.4013315182239224,2,1,hu,WCE,Europe
'54c2a42c35',extremes,Snow&Ice,#d60d2b,wmo,fagy Délkelet-Szerbia,2026-01-18T03:57:00+00:00,Serbia,0.4012463736022402,2,1,hu,MED,Europe
'a7764f583e',extremes,Cold Wave,#a7e9fa,wmo,fagyos wels stadt,2026-01-18T03:57:00+00:00,Austria,0.4012106083560791,2,1,hu,WCE,Europe
'd18c285a2d',extremes,Snow&Ice,#d60d2b,wmo,hó bardejov,2026-01-24T03:48:00+00:00,Slovakia,0.4011634083664742,2,1,hu,WCE,Europe
'8cf310a7df',extremes,Snow&Ice,#d60d2b,wmo,hó snina,2026-01-21T03:56:00+00:00,Slovakia,0.4009517625592826,2,1,hu,WCE,Europe
'2f2ba931a1',extremes,Fog,#d60d2b,wmo,köd ilava,2026-01-17T03:44:00+00:00,Slovakia,0.4009374597703133,2,1,hu,WCE,Europe
'cca7ceb894',extremes,Snow&Ice,#d60d2b,wmo,hó púchov,2026-01-23T04:03:00+00:00,Slovakia,0.4009180774681034,2,1,hu,WCE,Europe
'59086d266d',extremes,Fog,#d60d2b,wmo,köd senica,2026-01-17T03:44:00+00:00,Slovakia,0.4009004298994133,2,1,hu,WCE,Europe
'6a75277f71',extremes,Snow&Ice,#d60d2b,wmo,jég snina,2026-01-25T04:06:00+00:00,Slovakia,0.4008122003772377,2,1,hu,WCE,Europe
'608558431e',extremes,Snow&Ice,#d60d2b,wmo,fagyos Trnava,2026-01-24T03:48:00+00:00,Slovakia,0.4007762121465205,2,1,hu,WCE,Europe
'1526add9c0',extremes,Precipitation,#d60d2b,wmo,eső az adriai tengerparton,2026-01-24T03:48:00+00:00,Montenegro,0.400548541428429,2,1,hu,MED,Europe
'8893104ff9',extremes,Snow&Ice,#d60d2b,wmo,frost levoča,2026-01-15T10:56:00+00:00,Slovakia,0.4005278058200314,2,1,hu,WCE,Europe
'9832464a2f',extremes,Storm,#b3b2b1,wmo,vihar liptovský mikuláš,2026-01-24T03:48:00+00:00,Slovakia,0.4004520729487131,2,1,hu,WCE,Europe
'acfbd5b762',extremes,Cold Wave,#a7e9fa,wmo,hideghullám wien döbling,2026-01-18T03:57:00+00:00,Austria,0.4004144056022343,2,1,hu,WCE,Europe
'dcf57624a4',extremes,Storm,#b3b2b1,wmo,vihar koszovó és metohija,2026-01-25T04:06:00+00:00,Serbia,0.4003999566026769,2,1,hu,MED,Europe
'632de3a229',extremes,Snow&Ice,#d60d2b,wmo,ice veľký krtíš,2026-01-21T03:56:00+00:00,Slovakia,0.4003383176886064,2,1,hu,WCE,Europe
'3d63fbf0f8',extremes,Cold Wave,#a7e9fa,wmo,dermesztő tulln,2026-01-18T03:57:00+00:00,Austria,0.4003109036913264,2,1,hu,WCE,Europe
'27d112778a',extremes,Snow&Ice,#d60d2b,wmo,fagy považská bystrica,2026-01-21T03:56:00+00:00,Slovakia,0.4002372692811493,2,1,hu,WCE,Europe
'5d1c477d57',extremes,Storm,#b3b2b1,wmo,viharhullám az adriai tengerparton,2026-01-19T04:03:00+00:00,Montenegro,0.400073346432073,2,1,hu,MED,Europe
'80abb8b94a',extremes,Fog,#d60d2b,wmo,köd poprad,2026-01-28T03:56:00+00:00,Slovakia,0.4000684634164407,2,1,hu,WCE,Europe
'cf00a0526e',extremes,Snow&Ice,#d60d2b,wmo,jég partizánske,2026-01-15T10:56:00+00:00,Slovakia,0.4000257678589234,2,1,hu,WCE,Europe
'2da927ee5a',extremes,Cold Wave,#a7e9fa,wmo,hideghullám hallein,2026-01-21T03:56:00+00:00,Austria,0.3999568359689419,2,1,hu,WCE,Europe
'13c66367a6',extremes,Snow&Ice,#d60d2b,wmo,fagy púchov,2026-01-24T03:48:00+00:00,Slovakia,0.3999544074009322,2,1,hu,WCE,Europe
'2505be1ef5',extremes,Snow&Ice,#d60d2b,wmo,hóbanát,2026-01-15T10:56:00+00:00,Serbia,0.3998930593248786,2,1,hu,MED,Europe
'930153af38',extremes,Snow&Ice,#d60d2b,wmo,hó žiar nad hronom,2026-01-23T04:03:00+00:00,Slovakia,0.3997940080017491,2,1,hu,WCE,Europe
'4d5705c676',extremes,Drought,#edc291,edo,eső hiánya Ausztria,2026-02-05T04:28:00+00:00,Austria,0.3997735542711989,2,1,hu,WCE,Europe
'6f9c89e717',extremes,Snow&Ice,#d60d2b,wmo,hó trenčín,2026-01-23T04:03:00+00:00,Slovakia,0.3994781245322119,2,1,hu,WCE,Europe
'8b65296dbf',extremes,Storm,#b3b2b1,wmo,viharhullám poprad,2026-01-25T04:06:00+00:00,Slovakia,0.3987143665142689,2,1,hu,WCE,Europe
'4a393a4a16',extremes,Snow&Ice,#d60d2b,wmo,fagyasztó gelnica,2026-01-21T03:56:00+00:00,Slovakia,0.3984235763848748,2,1,hu,WCE,Europe
'7332260c20',extremes,Snow&Ice,#d60d2b,wmo,hó humenné,2026-01-18T03:57:00+00:00,Slovakia,0.3981689758110663,2,1,hu,WCE,Europe
'c249e84ebc',extremes,Cold Wave,#a7e9fa,wmo,hideghullám amstetten,2026-01-18T03:57:00+00:00,Austria,0.3981221421805196,2,1,hu,WCE,Europe
'95f51e04ab',extremes,Snow&Ice,#d60d2b,wmo,frost revúca,2026-01-20T03:56:00+00:00,Slovakia,0.397725706635567,2,1,hu,WCE,Europe
'44a42a5566',extremes,Snow&Ice,#d60d2b,wmo,fagy háta,2026-01-20T03:56:00+00:00,Serbia,0.3977227971984683,2,1,hu,MED,Europe
'4e59127c9e',extremes,Snow&Ice,#d60d2b,wmo,fagyos banát,2026-01-19T04:03:00+00:00,Serbia,0.3976233235353815,2,1,hu,MED,Europe
'7bfe2c1831',extremes,Snow&Ice,#d60d2b,wmo,fagy bánovce nad bebravou,2026-01-15T12:14:00+00:00,Slovakia,0.3974881334095604,2,1,hu,WCE,Europe
'cf5099af00',extremes,Snow&Ice,#d60d2b,wmo,ice rimavská sobota,2026-01-24T03:48:00+00:00,Slovakia,0.3972469732582891,2,1,hu,WCE,Europe
'6444fe769c',extremes,Snow&Ice,#d60d2b,wmo,fagyos pezinok,2026-01-15T12:14:00+00:00,Slovakia,0.397233646926967,2,1,hu,WCE,Europe
'4c73564e48',extremes,Snow&Ice,#d60d2b,wmo,fagy stará ľubovňa,2026-01-22T03:59:00+00:00,Slovakia,0.3970430718147725,2,1,hu,WCE,Europe
'989fe855ba',extremes,Snow&Ice,#d60d2b,wmo,fagy prešov,2026-01-23T04:03:00+00:00,Slovakia,0.3968081281959391,2,1,hu,WCE,Europe
'1716e025b6',extremes,Snow&Ice,#d60d2b,wmo,fagy topoľčany,2026-01-15T12:14:00+00:00,Slovakia,0.3965859029516198,2,1,hu,WCE,Europe
'4ef792a6c2',extremes,Snow&Ice,#d60d2b,wmo,fagy svidník,2026-01-21T03:56:00+00:00,Slovakia,0.3963779686542761,2,1,hu,WCE,Europe
'ea5aa7efdf',extremes,Snow&Ice,#d60d2b,wmo,fagy spišská nová ves,2026-01-15T10:56:00+00:00,Slovakia,0.3962612407581514,2,1,hu,WCE,Europe
'6fcb9390cf',extremes,Cold Wave,#a7e9fa,wmo,fagyos steyr föld,2026-01-21T03:56:00+00:00,Austria,0.3961607247250739,2,1,hu,WCE,Europe
'fd7a75460c',extremes,Snow&Ice,#d60d2b,wmo,frost gelnica,2026-01-15T12:14:00+00:00,Slovakia,0.3960708314150712,2,1,hu,WCE,Europe
'ff2d88200b',extremes,Snow&Ice,#d60d2b,wmo,fagyos Žilina,2026-01-15T12:14:00+00:00,Slovakia,0.3959955038423533,2,1,hu,WCE,Europe
'79b3c9a60e',extremes,Storm,#b3b2b1,wmo,viharhullám brezno,2026-01-24T03:48:00+00:00,Slovakia,0.395969089507061,2,1,hu,WCE,Europe
'45268f5b3f',extremes,Snow&Ice,#d60d2b,wmo,jég poltár,2026-01-15T12:14:00+00:00,Slovakia,0.3959583944466015,2,1,hu,WCE,Europe
'680861b745',extremes,Snow&Ice,#d60d2b,wmo,hó Trnava,2026-01-22T03:59:00+00:00,Slovakia,0.3958770973428425,2,1,hu,WCE,Europe
'43678fe001',extremes,Fog,#d60d2b,wmo,köd nitra,2026-01-26T04:09:00+00:00,Slovakia,0.3958696389599066,2,1,hu,WCE,Europe
'7b5037fbfa',extremes,Fog,#d60d2b,wmo,köd myjava,2026-01-17T03:44:00+00:00,Slovakia,0.3957216417613852,2,1,hu,WCE,Europe
'b093c2aaee',extremes,Snow&Ice,#d60d2b,wmo,hó sumadija,2026-01-20T03:56:00+00:00,Serbia,0.39559450723309,2,1,hu,MED,Europe
'c793e607bf',extremes,Snow&Ice,#d60d2b,wmo,fagyos ilava,2026-01-15T12:14:00+00:00,Slovakia,0.3955306640255008,2,1,hu,WCE,Europe
'427ee66386',extremes,Cold Wave,#a7e9fa,wmo,fagyasztó wien neubau,2026-01-20T03:56:00+00:00,Austria,0.3955304887411177,2,1,hu,WCE,Europe
'245567e7d1',extremes,Snow&Ice,#d60d2b,wmo,hó svidník,2026-01-23T04:03:00+00:00,Slovakia,0.3954354904621485,2,1,hu,WCE,Europe
'e12f733b0c',extremes,Flood,#030ba1,wmo,flashflood krupina,2026-01-27T03:58:00+00:00,Slovakia,0.3953279122108135,3,1,hu,WCE,Europe
'8a463185c0',extremes,Cold Wave,#a7e9fa,wmo,fagyasztó wien währing,2026-01-19T04:03:00+00:00,Austria,0.3953057186584418,2,1,hu,WCE,Europe
'46810cdde7',extremes,Snow&Ice,#d60d2b,wmo,fagyilleték,2026-01-24T03:48:00+00:00,Slovakia,0.3950432782846858,2,1,hu,WCE,Europe
'6d9708bc85',extremes,Snow&Ice,#d60d2b,wmo,fagyos délnyugat-Szerbia,2026-01-18T03:57:00+00:00,Serbia,0.3949997205606082,2,1,hu,MED,Europe
'fad73bd300',extremes,Snow&Ice,#d60d2b,wmo,snow kysucké nové mesto,2026-01-15T12:14:00+00:00,Slovakia,0.3949432650346798,2,1,hu,WCE,Europe
'e92ca46565',extremes,Snow&Ice,#d60d2b,wmo,fagy humenné,2026-01-27T03:58:00+00:00,Slovakia,0.3948597369469692,2,1,hu,WCE,Europe
'0ae35fe52b',extremes,Snow&Ice,#d60d2b,wmo,fagy vranov nad topľou,2026-01-15T12:14:00+00:00,Slovakia,0.3947621122703423,2,1,hu,WCE,Europe
'dc85d12fc4',extremes,Precipitation,#d60d2b,wmo,ónos eső Montenegró,2026-01-28T03:56:00+00:00,Montenegro,0.3941745250134446,2,1,hu,MED,Europe
'a5b863cc8c',extremes,Snow&Ice,#d60d2b,wmo,fagy veľký krtíš,2026-01-15T12:14:00+00:00,Slovakia,0.3940270299112741,2,1,hu,WCE,Europe
'a96bcf8445',extremes,Snow&Ice,#d60d2b,wmo,fagy sumadija,2026-01-17T03:44:00+00:00,Serbia,0.3939383909309937,2,1,hu,MED,Europe
'88cf229467',extremes,Fog,#d60d2b,wmo,köd levoča,2026-01-17T03:44:00+00:00,Slovakia,0.3937149958416195,2,1,hu,WCE,Europe
'cf4a288556',extremes,Cold Wave,#a7e9fa,wmo,fagyos salzburgi umgebung,2026-01-19T04:03:00+00:00,Austria,0.3936275359061045,2,1,hu,WCE,Europe
'985dfb1189',extremes,Drought,#edc291,edo,eső hiánya románia,2026-02-08T04:43:00+00:00,Romania,0.393504045441414,2,1,hu,WCE,Europe
'e85fd92f34',extremes,Snow&Ice,#d60d2b,wmo,fagyos snina,2026-01-15T12:14:00+00:00,Slovakia,0.3935037707246985,2,1,hu,WCE,Europe
'd490d77a5a',extremes,Snow&Ice,#d60d2b,wmo,fagy senec,2026-01-22T03:59:00+00:00,Slovakia,0.3933845241835556,2,1,hu,WCE,Europe
'b3d4b9838f',extremes,Snow&Ice,#d60d2b,wmo,fagy Kelet-Szerbia,2026-01-18T03:57:00+00:00,Serbia,0.3933516641062429,2,1,hu,MED,Europe
'aa54111547',extremes,Cold Wave,#a7e9fa,wmo,hideghullám wolfsberg,2026-01-18T03:57:00+00:00,Austria,0.3933404845890438,2,1,hu,WCE,Europe
'c13ac939d6',extremes,Snow&Ice,#d60d2b,wmo,ice michalovce,2026-01-24T03:48:00+00:00,Slovakia,0.393124044097465,2,1,hu,WCE,Europe
'6e2adf822f',extremes,Snow&Ice,#d60d2b,wmo,fagy Nyugat-Szerbia,2026-01-21T03:56:00+00:00,Serbia,0.3929281713006687,2,1,hu,MED,Europe
'01257b43de',extremes,Snow&Ice,#d60d2b,wmo,fagyos dunajská streda,2026-01-22T03:59:00+00:00,Slovakia,0.3929185732333837,2,1,hu,WCE,Europe
'ffebc13f1b',extremes,Cold Wave,#a7e9fa,wmo,fagyos mödling,2026-01-23T04:03:00+00:00,Austria,0.3929173078196376,2,1,hu,WCE,Europe
'05f2acc6a9',extremes,Cold Wave,#a7e9fa,wmo,fagyasztó waidhofen an der ybbs stadt,2026-01-18T03:57:00+00:00,Austria,0.3928816164410389,2,1,hu,WCE,Europe
'3128ad0d0e',extremes,Cold Wave,#a7e9fa,wmo,hideghullám gmünd,2026-01-18T03:57:00+00:00,Austria,0.3927600052657729,2,1,hu,WCE,Europe
'e0c3208646',extremes,Cold Wave,#a7e9fa,wmo,hideghullám hartberg fürstenfeld,2026-01-18T03:57:00+00:00,Austria,0.3927319783441313,2,1,hu,WCE,Europe
'0d1a79bfa2',extremes,Snow&Ice,#d60d2b,wmo,frost nové mesto nad váhom,2026-01-23T04:03:00+00:00,Slovakia,0.392680137171899,2,1,hu,WCE,Europe
'308c7de514',extremes,Snow&Ice,#d60d2b,wmo,fagyos sumadija,2026-01-21T03:56:00+00:00,Serbia,0.3926070766862836,2,1,hu,MED,Europe
'83f313edf1',extremes,Fog,#d60d2b,wmo,köd szabinov,2026-01-17T03:44:00+00:00,Slovakia,0.3925071929284558,2,1,hu,WCE,Europe
'42e30eba93',extremes,Cold Wave,#a7e9fa,wmo,hideghullám wien josefstadt,2026-01-18T03:57:00+00:00,Austria,0.3922545199071146,2,1,hu,WCE,Europe
'1ba11bdc1b',extremes,Snow&Ice,#d60d2b,wmo,fagy rožňava,2026-01-27T03:58:00+00:00,Slovakia,0.3922504283873453,2,1,hu,WCE,Europe
'0d5bfcf157',extremes,Snow&Ice,#d60d2b,wmo,jég detva,2026-01-20T03:56:00+00:00,Slovakia,0.3919269202902019,2,1,hu,WCE,Europe
'56afd32bbe',extremes,Snow&Ice,#d60d2b,wmo,fagyos kontinentális és hegyek,2026-01-19T04:03:00+00:00,Montenegro,0.3917412339896172,2,1,hu,MED,Europe
'9acdc4d5fb',extremes,Snow&Ice,#d60d2b,wmo,jéggelnica,2026-01-19T04:03:00+00:00,Slovakia,0.3916002209913259,2,1,hu,WCE,Europe
'700846556f',extremes,Snow&Ice,#d60d2b,wmo,fagy žiar nad hronom,2026-01-20T03:56:00+00:00,Slovakia,0.3914081607514607,2,1,hu,WCE,Europe
'd0c5fdbd9c',extremes,Snow&Ice,#d60d2b,wmo,ice ružomberok,2026-01-20T03:56:00+00:00,Slovakia,0.3911519995245023,2,1,hu,WCE,Europe
'92f8384783',extremes,Snow&Ice,#d60d2b,wmo,jég ilava,2026-01-19T04:03:00+00:00,Slovakia,0.391089098172393,2,1,hu,WCE,Europe
'202c3063fa',extremes,Snow&Ice,#d60d2b,wmo,jég žilina,2026-02-05T04:27:00+00:00,Slovakia,0.3908655197325176,2,1,hu,WCE,Europe
'4e0e925714',extremes,Cold Wave,#a7e9fa,wmo,dermesztő hermagor,2026-01-18T03:57:00+00:00,Austria,0.3908265186326073,2,1,hu,WCE,Europe
'59e040f8e3',extremes,Snow&Ice,#d60d2b,wmo,fagy szabinov,2026-02-02T04:36:00+00:00,Slovakia,0.3907706224045771,2,1,hu,WCE,Europe
'ce86f191dd',extremes,Snow&Ice,#d60d2b,wmo,jégbánat,2026-01-19T04:03:00+00:00,Serbia,0.3907437070039422,2,1,hu,MED,Europe
'6c0982934b',extremes,Storm,#b3b2b1,wmo,viharhullám piešťany,2026-01-26T04:09:00+00:00,Slovakia,0.3905526027365603,2,1,hu,WCE,Europe
'383e015e70',extremes,Snow&Ice,#d60d2b,wmo,ice backa,2026-01-18T03:57:00+00:00,Serbia,0.3904234012196698,2,1,hu,MED,Europe
'2091745127',extremes,Snow&Ice,#d60d2b,wmo,hó délkelet-szerbia,2026-01-17T03:44:00+00:00,Serbia,0.3903614528599685,2,1,hu,MED,Europe
'6ae251f006',extremes,Cold Wave,#a7e9fa,wmo,fagyasztó wien donaustadt,2026-01-18T03:57:00+00:00,Austria,0.3903109704462256,2,1,hu,WCE,Europe
'a664adf7f0',extremes,Fog,#d60d2b,wmo,köd svidník,2026-01-25T04:06:00+00:00,Slovakia,0.3903021672579337,2,1,hu,WCE,Europe
'ffc53170f3',extremes,Fog,#d60d2b,wmo,kontinentális és hegyvidéki köd,2026-01-20T03:56:00+00:00,Montenegro,0.3902139159391108,3,1,hu,MED,Europe
'12fe65e431',extremes,Cold Wave,#a7e9fa,wmo,fagyos kirchdorf an der krems,2026-01-21T03:56:00+00:00,Austria,0.3896044012141361,2,1,hu,WCE,Europe
'5a40a2b716',extremes,Snow&Ice,#d60d2b,wmo,fagyos tvrdošín,2026-01-20T03:56:00+00:00,Slovakia,0.3894046030311699,2,1,hu,WCE,Europe
'9dfad8658c',extremes,Snow&Ice,#d60d2b,wmo,jég námestovo,2026-01-20T03:56:00+00:00,Slovakia,0.3890722240396676,2,1,hu,WCE,Europe
'59d8df5b8c',extremes,Snow&Ice,#d60d2b,wmo,hó levoča,2026-01-18T03:57:00+00:00,Slovakia,0.3888530296923304,2,1,hu,WCE,Europe
'4706537bd2',extremes,Snow&Ice,#d60d2b,wmo,hó srem,2026-01-19T04:03:00+00:00,Serbia,0.3887497774029642,2,1,hu,MED,Europe
'f9f10e211d',extremes,Snow&Ice,#d60d2b,wmo,hó detva,2026-01-24T03:48:00+00:00,Slovakia,0.3886335452318439,2,1,hu,WCE,Europe
'b5760aa121',extremes,Cold Wave,#a7e9fa,wmo,dermesztő hollabrunn,2026-01-18T03:57:00+00:00,Austria,0.3886114158955711,2,1,hu,WCE,Europe
'3eee582534',extremes,Cold Wave,#a7e9fa,wmo,fagyos wiener neustadt föld,2026-01-20T03:56:00+00:00,Austria,0.3884945544406715,2,1,hu,WCE,Europe
'd94b1e3644',extremes,Snow&Ice,#d60d2b,wmo,fagy snina,2026-01-18T03:57:00+00:00,Slovakia,0.3883955586491753,2,1,hu,WCE,Europe
'4aedc6dbcd',extremes,Fog,#d60d2b,wmo,köd brezno,2026-01-28T03:56:00+00:00,Slovakia,0.3883092219204886,2,1,hu,WCE,Europe
'e6c4c5ade3',extremes,Cold Wave,#a7e9fa,wmo,dermesztő liezen,2026-01-20T03:56:00+00:00,Austria,0.3883003438518143,2,1,hu,WCE,Europe
'cada9c8dd6',extremes,Snow&Ice,#d60d2b,wmo,ice prievidza,2026-01-23T04:03:00+00:00,Slovakia,0.3881918172311677,2,1,hu,WCE,Europe
'815e4bf638',extremes,Drought,#edc291,edo,eső hiánya Magyarországon,2026-01-30T04:21:00+00:00,Hungary,0.3881868637193362,2,1,hu,WCE,Europe
'4df3594670',extremes,Cold Wave,#a7e9fa,wmo,hideghullám liezen,2026-01-21T03:56:00+00:00,Austria,0.3877260359742134,2,1,hu,WCE,Europe
'f894096a0b',extremes,Cold Wave,#a7e9fa,wmo,fagyos südoststeiermark,2026-01-21T03:56:00+00:00,Austria,0.3872380355243664,2,1,hu,WCE,Europe
'303ed68081',extremes,Cold Wave,#a7e9fa,wmo,hideghullám mödling,2026-01-20T03:56:00+00:00,Austria,0.3871883460477769,2,1,hu,WCE,Europe
'ecbb98a1dd',extremes,Cold Wave,#a7e9fa,wmo,hideghullám korneuburg,2026-01-20T03:56:00+00:00,Austria,0.3871517569412913,2,1,hu,WCE,Europe
'632fb885dc',extremes,Storm,#b3b2b1,wmo,viharhullám skalica,2026-02-02T04:36:00+00:00,Slovakia,0.3871031782388252,2,1,hu,WCE,Europe
'a063e581c0',extremes,Cold Wave,#a7e9fa,wmo,dermesztő lienz,2026-01-19T04:03:00+00:00,Austria,0.3869549181223686,2,1,hu,WCE,Europe
'b350b1fa4c',extremes,Drought,#edc291,edo,szárazság románia,2026-01-17T03:44:00+00:00,Romania,0.3869362799755044,2,1,hu,WCE,Europe
'468db22544',extremes,Snow&Ice,#d60d2b,wmo,fagy lučenec,2026-01-24T03:48:00+00:00,Slovakia,0.3869034347832015,2,1,hu,WCE,Europe
'c63384f725',extremes,Cold Wave,#a7e9fa,wmo,hideghullám wien fortyogó,2026-01-19T04:03:00+00:00,Austria,0.3867361970167883,2,1,hu,WCE,Europe
'd44a0fd336',extremes,Storm,#b3b2b1,wmo,vihar myjava,2026-01-25T04:06:00+00:00,Slovakia,0.3865965559489693,2,1,hu,WCE,Europe
'd897f2cefd',extremes,Cold Wave,#a7e9fa,wmo,fagyos spittal an der drau,2026-01-19T04:03:00+00:00,Austria,0.3865829169343957,2,1,hu,WCE,Europe
'633b19e95c',extremes,Snow&Ice,#d60d2b,wmo,ice levoča,2026-01-20T03:56:00+00:00,Slovakia,0.3865459202435912,2,1,hu,WCE,Europe
'8be310eda4',extremes,Cold Wave,#a7e9fa,wmo,hideghullám bruck mürzzuschlag,2026-01-19T04:03:00+00:00,Austria,0.386350905342538,2,1,hu,WCE,Europe
'5a65d7d654',extremes,Snow&Ice,#d60d2b,wmo,ice srem,2026-02-15T04:35:00+00:00,Serbia,0.3863424409031588,2,1,hu,MED,Europe
'bad540a7cd',extremes,Snow&Ice,#d60d2b,wmo,fagyos pomoravlje,2026-01-19T04:03:00+00:00,Serbia,0.3862477458561988,2,1,hu,MED,Europe
'886e49a595',extremes,Cold Wave,#a7e9fa,wmo,hideghullám voitsberg,2026-01-18T03:57:00+00:00,Austria,0.3861423286027737,2,1,hu,WCE,Europe
'802419f94a',extremes,Cold Wave,#a7e9fa,wmo,hideghullám sankt johann im pongau,2026-01-23T04:03:00+00:00,Austria,0.3861151395990516,2,1,hu,WCE,Europe
'f65408d1ea',extremes,Cold Wave,#a7e9fa,wmo,fagyasztó wien floridsdorf,2026-01-21T03:56:00+00:00,Austria,0.3856486372874848,2,1,hu,WCE,Europe
'1eb06f65d7',extremes,Cold Wave,#a7e9fa,wmo,hideghullám vöcklabruck,2026-01-19T04:03:00+00:00,Austria,0.385639901534015,2,1,hu,WCE,Europe
'f98e470a06',extremes,Cold Wave,#a7e9fa,wmo,hideghullám leibnitz,2026-01-19T04:03:00+00:00,Austria,0.3856092892951298,2,1,hu,WCE,Europe
'4eff140c32',extremes,Snow&Ice,#d60d2b,wmo,ice Bardejov,2026-01-18T03:57:00+00:00,Slovakia,0.3854118964591725,2,1,hu,WCE,Europe
'3b585c07b0',extremes,Snow&Ice,#d60d2b,wmo,fagy pezinok,2026-01-24T03:48:00+00:00,Slovakia,0.3853522564626751,2,1,hu,WCE,Europe
'9cf217e623',extremes,Snow&Ice,#d60d2b,wmo,fagy trenčín,2026-02-03T04:27:00+00:00,Slovakia,0.3853240431482123,2,1,hu,WCE,Europe
'666591ec28',extremes,Snow&Ice,#d60d2b,wmo,hó rožňava,2026-01-20T03:56:00+00:00,Slovakia,0.3852255572831857,2,1,hu,WCE,Europe
'0664e97e03',extremes,Snow&Ice,#d60d2b,wmo,fagyos koszovó és metohija,2026-01-19T04:03:00+00:00,Serbia,0.3851510295994969,2,1,hu,MED,Europe
'9352246184',extremes,Storm,#b3b2b1,wmo,viharhullám pomoravlje,2026-01-24T03:48:00+00:00,Serbia,0.3850603369948182,2,1,hu,MED,Europe
'4db293a416',extremes,Snow&Ice,#d60d2b,wmo,dermesztő józanság,2026-01-24T03:48:00+00:00,Slovakia,0.3849759135622916,2,1,hu,WCE,Europe
'c88ee2fe70',extremes,Cold Wave,#a7e9fa,wmo,dermesztő rohrbach,2026-01-18T03:57:00+00:00,Austria,0.3843973353904072,2,1,hu,WCE,Europe
'9e7d1bb6d7',extremes,Snow&Ice,#d60d2b,wmo,fagyos námestovo,2026-01-23T04:03:00+00:00,Slovakia,0.3843338134255247,2,1,hu,WCE,Europe
'78b77f994e',extremes,Fog,#d60d2b,wmo,fog rimavská sobota,2026-01-25T04:06:00+00:00,Slovakia,0.3842109096768564,2,1,hu,WCE,Europe
'0cb5acd3c3',extremes,Snow&Ice,#d60d2b,wmo,jég topoľčany,2026-01-22T03:59:00+00:00,Slovakia,0.3838951159966633,2,1,hu,WCE,Europe
'06d5045892',extremes,Snow&Ice,#d60d2b,wmo,ice piešťany,2026-01-22T03:59:00+00:00,Slovakia,0.3838087354133694,2,1,hu,WCE,Europe
'9f23bf1922',extremes,Cold Wave,#a7e9fa,wmo,dermesztő melk,2026-01-22T03:59:00+00:00,Austria,0.3837082331364421,2,1,hu,WCE,Europe
'df91137f56',extremes,Cold Wave,#a7e9fa,wmo,fagyos perg,2026-01-21T03:56:00+00:00,Austria,0.3836885541907921,2,1,hu,WCE,Europe
'aeabc35619',extremes,Cold Wave,#a7e9fa,wmo,fagyos murau,2026-01-22T03:59:00+00:00,Austria,0.3836184041879403,2,1,hu,WCE,Europe
'6531472573',extremes,Snow&Ice,#d60d2b,wmo,ice pomoravlje,2026-01-19T04:03:00+00:00,Serbia,0.3834561369038682,2,1,hu,MED,Europe
'75ba270824',extremes,Storm,#b3b2b1,wmo,vihar caraș severin,2026-02-10T04:43:00+00:00,Romania,0.3832252542821251,2,1,hu,WCE,Europe
'43809583c3',extremes,Cold Wave,#a7e9fa,wmo,fagyasztó wien landstraße,2026-01-19T04:03:00+00:00,Austria,0.3831878669210844,2,1,hu,WCE,Europe
'567442bad7',extremes,Snow&Ice,#d60d2b,wmo,fagyos banská štiavnica,2026-02-05T04:27:00+00:00,Slovakia,0.3831385017716975,2,1,hu,WCE,Europe
'575fd8b455',extremes,Storm,#b3b2b1,wmo,viharhullám tvrdošín,2026-01-25T04:06:00+00:00,Slovakia,0.383091417452826,2,1,hu,WCE,Europe
'62db2b7865',extremes,Storm,#b3b2b1,wmo,viharhullám nitra,2026-01-26T04:09:00+00:00,Slovakia,0.3830454388562702,2,1,hu,WCE,Europe
'23bd7117c3',extremes,Cold Wave,#a7e9fa,wmo,fagyos eisenstadt stadt,2026-01-19T04:03:00+00:00,Austria,0.3829865881918839,2,1,hu,WCE,Europe
'f433b729fa',extremes,Snow&Ice,#d60d2b,wmo,hó topoľčany,2026-01-20T03:56:00+00:00,Slovakia,0.3829116784933233,2,1,hu,WCE,Europe
'fb499cc2ab',extremes,Snow&Ice,#d60d2b,wmo,hó lučenec,2026-01-21T03:56:00+00:00,Slovakia,0.3825913621969767,2,1,hu,WCE,Europe
'3f9ff08aba',extremes,Storm,#b3b2b1,wmo,viharhullám hlohovec,2026-01-25T04:06:00+00:00,Slovakia,0.3825394290278617,2,1,hu,WCE,Europe
'01cefabb83',extremes,Snow&Ice,#d60d2b,wmo,ice košice okolie,2026-01-23T04:03:00+00:00,Slovakia,0.3822288685221713,2,1,hu,WCE,Europe
'98004dd1ed',extremes,Cold Wave,#a7e9fa,wmo,dermesztő leoben,2026-01-19T04:03:00+00:00,Austria,0.382223857272716,2,1,hu,WCE,Europe
'6914bcba44',extremes,Snow&Ice,#d60d2b,wmo,hó galanta,2026-01-24T03:48:00+00:00,Slovakia,0.3821365875247722,2,1,hu,WCE,Europe
'd503a289c8',extremes,Snow&Ice,#d60d2b,wmo,fagy prešov,2026-01-31T04:16:00+00:00,Slovakia,0.3821150887353063,2,1,hu,WCE,Europe
'007f176fdf',extremes,Cold Wave,#a7e9fa,wmo,dermesztő gmünd,2026-01-19T04:03:00+00:00,Austria,0.3819567979474046,2,1,hu,WCE,Europe
'8a77e14307',extremes,Snow&Ice,#d60d2b,wmo,ice košice,2026-01-23T04:03:00+00:00,Slovakia,0.3815546250002338,2,1,hu,WCE,Europe
'4bab18c8d4',extremes,Cold Wave,#a7e9fa,wmo,hideghullám wels land,2026-01-20T03:56:00+00:00,Austria,0.3813781865967441,2,1,hu,WCE,Europe
'960c1c6db3',extremes,Snow&Ice,#d60d2b,wmo,ice stropkov,2026-01-22T03:59:00+00:00,Slovakia,0.380802812567606,2,1,hu,WCE,Europe
'8b1ce7cfab',extremes,Precipitation,#d60d2b,wmo,csapadék délnyugat-szerbia,2026-01-25T04:06:00+00:00,Serbia,0.380392133509229,2,1,hu,MED,Europe
'14134b2762',extremes,Cold Wave,#a7e9fa,wmo,hideghullám wien favorin,2026-01-23T04:03:00+00:00,Austria,0.3802721076700713,2,1,hu,WCE,Europe
'feef060ef9',extremes,Snow&Ice,#d60d2b,wmo,fagy medzilaborce,2026-01-20T03:56:00+00:00,Slovakia,0.379629881293791,2,1,hu,WCE,Europe
'6d01b0fe70',extremes,Snow&Ice,#d60d2b,wmo,hó bytča,2026-01-23T04:03:00+00:00,Slovakia,0.37867551120847864,2,1,hu,WCE,Europe
'1ef1ce6d5e',extremes,Storm,#b3b2b1,wmo,viharhullám šaľa,2026-01-25T04:06:00+00:00,Slovakia,0.378606793293692,2,1,hu,WCE,Europe
'e5672d4fdf',extremes,Snow&Ice,#d60d2b,wmo,fagy piešťany,2026-01-28T03:56:00+00:00,Slovakia,0.3782314791058152,2,1,hu,WCE,Europe
'088b671954',extremes,Snow&Ice,#d60d2b,wmo,ice myjava,2026-01-31T04:16:00+00:00,Slovakia,0.3778575543007924,2,1,hu,WCE,Europe
'3a8046c63f',extremes,Storm,#b3b2b1,wmo,vihar zlaté moravce,2026-01-25T04:06:00+00:00,Slovakia,0.3773895663051925,2,1,hu,WCE,Europe
'cc96cdedeb',extremes,Snow&Ice,#d60d2b,wmo,fagy Banská Bystrica,2026-01-23T04:03:00+00:00,Slovakia,0.3768555045141863,2,1,hu,WCE,Europe
'aac8f93d28',extremes,Snow&Ice,#d60d2b,wmo,jég Kelet-Szerbia,2026-01-31T04:16:00+00:00,Serbia,0.376761853955708,2,1,hu,MED,Europe
'7cd1f8e365',extremes,Snow&Ice,#d60d2b,wmo,ice skalica,2026-01-24T03:48:00+00:00,Slovakia,0.3756874099761964,2,1,hu,WCE,Europe
'b601c3e8b0',extremes,Snow&Ice,#d60d2b,wmo,fagyos Kelet-Szerbia,2026-01-19T04:03:00+00:00,Serbia,0.375305657540306,3,1,hu,MED,Europe
'f50dff7e89',extremes,Storm,#b3b2b1,wmo,viharhullám dolný kubín,2026-01-25T04:06:00+00:00,Slovakia,0.37469946316291936,2,1,hu,WCE,Europe
'749d82fb8c',extremes,Snow&Ice,#d60d2b,wmo,ice nové mesto nad váhom,2026-01-28T03:56:00+00:00,Slovakia,0.3734989585257948,2,1,hu,WCE,Europe
'aa6860be19',extremes,Cold Wave,#a7e9fa,wmo,hideghullám villach stadt,2026-01-23T04:03:00+00:00,Austria,0.3728757725067599,2,1,hu,WCE,Europe
'69dadc2d19',extremes,Snow&Ice,#d60d2b,wmo,fagygalanta,2026-01-30T04:21:00+00:00,Slovakia,0.3701685366350522,2,1,hu,WCE,Europe
'53db6b1410',extremes,Precipitation,#d60d2b,wmo,felhőszakadás montenegró,2026-02-11T04:41:00+00:00,Montenegro,0.3651170219917133,2,1,hu,MED,Europe
'51ba64e5be',extremes,Snow&Ice,#d60d2b,wmo,hó senica,2026-01-30T04:21:00+00:00,Slovakia,0.3618996525877375,2,1,hu,WCE,Europe
'1c5ff82298',extremes,Snow&Ice,#d60d2b,wmo,fagy šaľa,2026-01-22T03:59:00+00:00,Slovakia,0.3610629547846787,3,1,hu,WCE,Europe
'6bd9662af5',extremes,Fog,#d60d2b,wmo,fog bánovce nad bebravou,2026-01-17T03:44:00+00:00,Slovakia,0.357304990467439,3,1,hu,WCE,Europe
'20cf4a1efd',extremes,Snow&Ice,#d60d2b,wmo,fagy a Dunántúl déli részén,2026-02-03T04:27:00+00:00,Hungary,0.3547104158908969,3,1,hu,WCE,Europe
'0a2f84e468',extremes,Precipitation,#d60d2b,wmo,csapadék montenegró,2026-01-25T04:06:00+00:00,Montenegro,0.3539919484618662,5,1,hu,MED,Europe
'566ad039a7',extremes,Fog,#d60d2b,wmo,köd lučenec,2026-01-25T04:06:00+00:00,Slovakia,0.3505766281303482,3,1,hu,WCE,Europe
'8661bdfe17',extremes,Fog,#d60d2b,wmo,köd partizánske,2026-01-17T03:44:00+00:00,Slovakia,0.3504957820323995,3,1,hu,WCE,Europe
'a1813eda52',extremes,Fog,#d60d2b,wmo,köd koszovó i metohija,2026-01-18T03:57:00+00:00,Serbia,0.3483870831920386,3,1,hu,MED,Europe
'bbfa4ebd8f',extremes,Snow&Ice,#d60d2b,wmo,hó banská bystrica,2026-01-20T03:56:00+00:00,Slovakia,0.33850699565498,3,1,hu,WCE,Europe
'722b19af44',extremes,Cold Wave,#a7e9fa,wmo,dermesztő güssing,2026-01-18T03:57:00+00:00,Austria,0.3351510174950804,3,1,hu,WCE,Europe
'0b1f0d884a',extremes,Cold Wave,#a7e9fa,wmo,dermesztő oberwart,2026-01-18T03:57:00+00:00,Austria,0.3329897607613329,3,1,hu,WCE,Europe
'aabc5225b0',extremes,Snow&Ice,#d60d2b,wmo,fagy trebišov,2026-01-18T03:57:00+00:00,Slovakia,0.330346883342538,3,1,hu,WCE,Europe
'cda0a55cd3',extremes,Snow&Ice,#d60d2b,wmo,fagyos nové zámky,2026-01-24T03:48:00+00:00,Slovakia,0.3285862062976624,3,1,hu,WCE,Europe
'95b2881221',extremes,Precipitation,#d60d2b,random,légköri folyó,2026-01-15T10:20:00+00:00,,0.2787094304900732,2,1,hu,,
'f3b91506ec',extremes,Cold Wave,#a7e9fa,random,rekord hideg,2026-01-15T10:20:00+00:00,,0.2345501125718036,1,1,hu,,
'45480a05ce',extremes,Tropical Cyclone,#4f4f4f,random,tájfun,2026-01-15T10:20:00+00:00,,0.2176841951268866,1,1,hu,,
